,crash_id,discovery_time,fuzzer
487,bug487,7,mopt-0-exid0
1790,bug1790,27,fairfuzz-0-exid0
526,bug526,27,fairfuzz-0-exid0
35,bug35,27,fairfuzz-0-exid0
1334,bug1334,27,fairfuzz-0-exid0
270,bug270,27,fairfuzz-0-exid0
1553,bug1553,27,fairfuzz-0-exid0
2392,bug2392,27,fairfuzz-0-exid0
1171,bug1171,27,fairfuzz-0-exid0
833,bug833,27,fairfuzz-0-exid0
2081,bug2081,27,fairfuzz-0-exid0
1956,bug1956,38,fairfuzz-0-exid0
3155,bug3155,38,fairfuzz-0-exid0
696,bug696,38,fairfuzz-0-exid0
3327,bug3327,42,symcc-0-exid0
886,bug886,42,symcc-0-exid0
804,bug804,44,fairfuzz-0-exid0
2053,bug2053,44,fairfuzz-0-exid0
438,bug438,44,mopt-0-exid0
2915,bug2915,44,mopt-0-exid0
1205,bug1205,50,fairfuzz-0-exid0
2426,bug2426,50,fairfuzz-0-exid0
1062,bug1062,51,fairfuzz-0-exid0
3483,bug3483,51,fairfuzz-0-exid0
844,bug844,54,fairfuzz-0-exid0
2091,bug2091,54,fairfuzz-0-exid0
2772,bug2772,56,symcc-0-exid0
280,bug280,56,symcc-0-exid0
1559,bug1559,65,symcc-0-exid0
276,bug276,65,symcc-0-exid0
2750,bug2750,70,symcc-0-exid0
257,bug257,70,symcc-0-exid0
866,bug866,84,symcc-0-exid0
2112,bug2112,84,symcc-0-exid0
3153,bug3153,86,symcc-0-exid0
694,bug694,86,symcc-0-exid0
113,bug113,91,mopt-0-exid0
6,bug6,105,mopt-0-exid0
2522,bug2522,105,mopt-0-exid0
3188,bug3188,107,fairfuzz-0-exid0
731,bug731,107,fairfuzz-0-exid0
1365,bug1365,110,mopt-0-exid0
67,bug67,110,mopt-0-exid0
352,bug352,111,fairfuzz-0-exid0
2839,bug2839,111,fairfuzz-0-exid0
406,bug406,113,mopt-0-exid0
2887,bug2887,113,mopt-0-exid0
2653,bug2653,117,fairfuzz-0-exid0
151,bug151,117,fairfuzz-0-exid0
883,bug883,128,fairfuzz-0-exid0
2128,bug2128,128,fairfuzz-0-exid0
977,bug977,138,symcc-0-exid0
3411,bug3411,138,symcc-0-exid0
1721,bug1721,150,symcc-0-exid0
452,bug452,150,symcc-0-exid0
733,bug733,154,mopt-0-exid0
1289,bug1289,159,fairfuzz-0-exid0
3700,bug3700,159,fairfuzz-0-exid0
162,bug162,167,mopt-0-exid0
1450,bug1450,167,mopt-0-exid0
2664,bug2664,167,mopt-0-exid0
986,bug986,181,fairfuzz-0-exid0
3418,bug3418,181,fairfuzz-0-exid0
3612,bug3612,190,fairfuzz-0-exid0
1195,bug1195,190,fairfuzz-0-exid0
1301,bug1301,190,fairfuzz-0-exid0
940,bug940,191,fairfuzz-0-exid0
2180,bug2180,191,fairfuzz-0-exid0
3378,bug3378,191,fairfuzz-0-exid0
3512,bug3512,195,mopt-0-exid0
1091,bug1091,195,mopt-0-exid0
1071,bug1071,198,fairfuzz-0-exid0
3492,bug3492,198,fairfuzz-0-exid0
619,bug619,199,symcc-0-exid0
3082,bug3082,199,symcc-0-exid0
2668,bug2668,204,fairfuzz-0-exid0
167,bug167,204,fairfuzz-0-exid0
2752,bug2752,206,fairfuzz-0-exid0
259,bug259,206,fairfuzz-0-exid0
108,bug108,246,mopt-0-exid0
2614,bug2614,246,mopt-0-exid0
2176,bug2176,251,fairfuzz-0-exid0
936,bug936,251,fairfuzz-0-exid0
2785,bug2785,253,mopt-0-exid0
295,bug295,253,mopt-0-exid0
2396,bug2396,254,aflplusplus-0-exid0
1175,bug1175,254,aflplusplus-0-exid0
3592,bug3592,254,aflplusplus-0-exid0
96,bug96,300,mopt-0-exid0
2603,bug2603,300,mopt-0-exid0
839,bug839,316,mopt-0-exid0
1053,bug1053,318,mopt-0-exid0
120,bug120,326,fairfuzz-0-exid0
2624,bug2624,326,fairfuzz-0-exid0
1409,bug1409,326,fairfuzz-0-exid0
586,bug586,336,fairfuzz-0-exid0
3049,bug3049,336,fairfuzz-0-exid0
2955,bug2955,340,mopt-0-exid0
483,bug483,340,mopt-0-exid0
428,bug428,349,aflplusplus-0-exid0
2906,bug2906,349,aflplusplus-0-exid0
1028,bug1028,356,mopt-0-exid0
2262,bug2262,356,mopt-0-exid0
3740,bug3740,356,mopt-0-exid0
3456,bug3456,356,mopt-0-exid0
210,bug210,375,mopt-0-exid0
2705,bug2705,375,mopt-0-exid0
1017,bug1017,424,symcc-0-exid0
3445,bug3445,424,symcc-0-exid0
2252,bug2252,424,symcc-0-exid0
798,bug798,432,fairfuzz-0-exid0
1275,bug1275,454,fairfuzz-0-exid0
3686,bug3686,454,fairfuzz-0-exid0
2940,bug2940,473,mopt-0-exid0
466,bug466,473,mopt-0-exid0
1247,bug1247,479,aflplusplus-0-exid0
3662,bug3662,479,aflplusplus-0-exid0
2228,bug2228,485,mopt-0-exid0
993,bug993,485,mopt-0-exid0
771,bug771,503,mopt-0-exid0
3219,bug3219,512,symcc-0-exid0
767,bug767,512,symcc-0-exid0
3573,bug3573,580,mopt-0-exid0
1156,bug1156,580,mopt-0-exid0
716,bug716,591,fairfuzz-0-exid0
1976,bug1976,591,fairfuzz-0-exid0
3720,bug3720,638,symcc-0-exid0
2807,bug2807,638,symcc-0-exid0
1597,bug1597,638,symcc-0-exid0
332,bug332,670,symcc-0-exid0
2821,bug2821,670,symcc-0-exid0
2638,bug2638,679,fairfuzz-0-exid0
135,bug135,679,fairfuzz-0-exid0
3426,bug3426,776,mopt-0-exid0
995,bug995,776,mopt-0-exid0
1234,bug1234,855,fairfuzz-0-exid0
3650,bug3650,855,fairfuzz-0-exid0
1975,bug1975,858,fairfuzz-0-exid0
715,bug715,858,fairfuzz-0-exid0
3502,bug3502,917,fairfuzz-0-exid0
1081,bug1081,917,fairfuzz-0-exid0
2897,bug2897,923,fairfuzz-0-exid0
416,bug416,923,fairfuzz-0-exid0
1058,bug1058,938,mopt-0-exid0
3715,bug3715,951,mopt-0-exid0
2564,bug2564,951,mopt-0-exid0
146,bug146,955,mopt-0-exid0
3692,bug3692,962,aflplusplus-0-exid0
1281,bug1281,962,aflplusplus-0-exid0
2801,bug2801,1008,fairfuzz-0-exid0
312,bug312,1008,fairfuzz-0-exid0
780,bug780,1048,mopt-0-exid0
706,bug706,1115,mopt-0-exid0
1966,bug1966,1115,mopt-0-exid0
419,bug419,1123,fairfuzz-0-exid0
2899,bug2899,1123,fairfuzz-0-exid0
