,fuzzer,edge,fuzzer_combination,benchmark
0,afl-0-exid20,10016-10021,fcb,cflow
1,afl-0-exid21,10021-10030,fcb,cflow
2,afl-0-exid21,1004-2468,fcb,cflow
3,aflplusplus-0-exid22,10040-10046,fcb,cflow
4,afl-0-exid23,10040-10071,fcb,cflow
5,fairfuzz-0-exid22,10040-10083,fcb,cflow
6,afl-0-exid22,10040-10086,fcb,cflow
7,afl-0-exid22,10044-10046,fcb,cflow
8,afl-0-exid22,10046-10101,fcb,cflow
9,aflfast-0-exid21,10054-10056,fcb,cflow
10,aflfast-0-exid22,10056-10064,fcb,cflow
11,aflfast-0-exid20,10062-10036,fcb,cflow
12,aflfast-0-exid21,10064-10062,fcb,cflow
13,afl-0-exid20,1007-1011,fcb,cflow
14,aflplusplus-0-exid22,10071-10078,fcb,cflow
15,fairfuzz-0-exid21,10083-10101,fcb,cflow
16,fairfuzz-0-exid22,10086-10101,fcb,cflow
17,afl-0-exid21,10104-10112,fcb,cflow
18,afl-0-exid20,10108-10116,fcb,cflow
19,afl-0-exid20,1011-1025,fcb,cflow
20,afl-0-exid20,10112-10116,fcb,cflow
21,afl-0-exid20,10112-10222,fcb,cflow
22,afl-0-exid22,10116-10119,fcb,cflow
23,afl-0-exid22,10119-10127,fcb,cflow
24,afl-0-exid20,10119-10157,fcb,cflow
25,afl-0-exid20,10127-10132,fcb,cflow
26,afl-0-exid23,10127-10135,fcb,cflow
27,afl-0-exid20,10127-10138,fcb,cflow
28,afl-0-exid20,10127-10142,fcb,cflow
29,afl-0-exid20,10127-10147,fcb,cflow
30,afl-0-exid20,10132-10138,fcb,cflow
31,afl-0-exid21,10135-10142,fcb,cflow
32,afl-0-exid20,10138-10147,fcb,cflow
33,afl-0-exid22,10142-10147,fcb,cflow
34,afl-0-exid21,10142-10153,fcb,cflow
35,afl-0-exid20,10147-10127,fcb,cflow
36,afl-0-exid20,10147-10157,fcb,cflow
37,afl-0-exid22,10153-10168,fcb,cflow
38,afl-0-exid22,10157-10222,fcb,cflow
39,afl-0-exid21,1025-2468,fcb,cflow
40,afl-0-exid20,1028-1032,fcb,cflow
41,afl-0-exid23,10289-10298,fcb,cflow
42,afl-0-exid20,10289-10306,fcb,cflow
43,afl-0-exid20,10289-10320,fcb,cflow
44,fairfuzz-0-exid24,10294-10320,fcb,cflow
45,aflplusplus-0-exid24,10298-10303,fcb,cflow
46,aflfast-0-exid20,10298-10320,fcb,cflow
47,afl-0-exid20,10306-10325,fcb,cflow
48,afl-0-exid20,1032-1046,fcb,cflow
49,afl-0-exid20,10320-10289,fcb,cflow
50,afl-0-exid20,10331-10367,fcb,cflow
51,aflfast-0-exid24,10331-10496,fcb,cflow
52,afl-0-exid20,10331-10500,fcb,cflow
53,aflplusplus-0-exid23,10331-10508,fcb,cflow
54,fairfuzz-0-exid22,10361-10508,fcb,cflow
55,afl-0-exid20,10367-10508,fcb,cflow
56,aflfast-0-exid23,10396-10404,fcb,cflow
57,afl-0-exid20,10404-10404,fcb,cflow
58,afl-0-exid20,10415-10421,fcb,cflow
59,aflplusplus-0-exid21,10415-10424,fcb,cflow
60,afl-0-exid20,10421-10503,fcb,cflow
61,afl-0-exid21,10452-10459,fcb,cflow
62,aflplusplus-0-exid20,10452-10466,fcb,cflow
63,afl-0-exid24,10459-10459,fcb,cflow
64,fairfuzz-0-exid20,10459-10503,fcb,cflow
65,afl-0-exid22,1046-2468,fcb,cflow
66,aflplusplus-0-exid24,10466-10475,fcb,cflow
67,afl-0-exid20,1049-1053,fcb,cflow
68,afl-0-exid20,10500-10503,fcb,cflow
69,afl-0-exid24,10525-10532,fcb,cflow
70,afl-0-exid20,1053-1067,fcb,cflow
71,fairfuzz-0-exid24,10532-10542,fcb,cflow
72,afl-0-exid20,10542-10553,fcb,cflow
73,aflfast-0-exid20,10542-10559,fcb,cflow
74,afl-0-exid20,10542-10564,fcb,cflow
75,afl-0-exid21,10542-10569,fcb,cflow
76,aflfast-0-exid22,10542-10574,fcb,cflow
77,aflfast-0-exid21,10542-10609,fcb,cflow
78,afl-0-exid24,10542-10616,fcb,cflow
79,afl-0-exid20,10553-10631,fcb,cflow
80,aflfast-0-exid20,10559-10631,fcb,cflow
81,afl-0-exid20,10564-10631,fcb,cflow
82,fairfuzz-0-exid21,10574-10609,fcb,cflow
83,aflfast-0-exid20,10616-10638,fcb,cflow
84,fairfuzz-0-exid23,10634-10525,fcb,cflow
85,afl-0-exid20,10645-10688,fcb,cflow
86,aflplusplus-0-exid20,10660-10664,fcb,cflow
87,afl-0-exid20,10660-10688,fcb,cflow
88,afl-0-exid24,10664-10671,fcb,cflow
89,afl-0-exid21,1067-2468,fcb,cflow
90,aflfast-0-exid23,10675-10688,fcb,cflow
91,aflplusplus-0-exid21,10693-10700,fcb,cflow
92,aflfast-0-exid21,10693-10728,fcb,cflow
93,afl-0-exid20,1070-1074,fcb,cflow
94,afl-0-exid23,10700-10728,fcb,cflow
95,aflplusplus-0-exid22,10704-10715,fcb,cflow
96,afl-0-exid21,10711-10715,fcb,cflow
97,afl-0-exid21,10715-10728,fcb,cflow
98,afl-0-exid21,1074-1088,fcb,cflow
99,afl-0-exid20,10741-10754,fcb,cflow
100,afl-0-exid20,10754-10741,fcb,cflow
101,afl-0-exid20,10754-10760,fcb,cflow
102,aflfast-0-exid21,10763-10793,fcb,cflow
103,aflfast-0-exid23,10798-10911,fcb,cflow
104,aflfast-0-exid20,10810-10813,fcb,cflow
105,aflplusplus-0-exid22,10815-10819,fcb,cflow
106,afl-0-exid20,10815-10904,fcb,cflow
107,aflfast-0-exid24,10819-10904,fcb,cflow
108,afl-0-exid20,1088-2468,fcb,cflow
109,fairfuzz-0-exid24,10904-10911,fcb,cflow
110,afl-0-exid21,1091-1095,fcb,cflow
111,aflfast-0-exid24,10940-10953,fcb,cflow
112,fairfuzz-0-exid24,10949-10956,fcb,cflow
113,afl-0-exid20,1095-1109,fcb,cflow
114,aflplusplus-0-exid23,10953-10956,fcb,cflow
115,fairfuzz-0-exid21,10968-10971,fcb,cflow
116,afl-0-exid20,10968-10975,fcb,cflow
117,afl-0-exid22,10971-10978,fcb,cflow
118,afl-0-exid22,10975-10993,fcb,cflow
119,afl-0-exid20,10985-10989,fcb,cflow
120,afl-0-exid20,10985-10993,fcb,cflow
121,afl-0-exid20,10989-10993,fcb,cflow
122,afl-0-exid20,10993-11116,fcb,cflow
123,aflplusplus-0-exid20,11004-11011,fcb,cflow
124,afl-0-exid20,11004-11017,fcb,cflow
125,fairfuzz-0-exid22,11011-11026,fcb,cflow
126,afl-0-exid20,11017-11004,fcb,cflow
127,afl-0-exid20,11017-11023,fcb,cflow
128,afl-0-exid21,11026-11033,fcb,cflow
129,afl-0-exid20,11033-11037,fcb,cflow
130,afl-0-exid20,11037-11045,fcb,cflow
131,afl-0-exid20,11037-11050,fcb,cflow
132,afl-0-exid20,11045-11076,fcb,cflow
133,afl-0-exid20,11050-11058,fcb,cflow
134,afl-0-exid20,11058-11069,fcb,cflow
135,aflfast-0-exid20,11064-11069,fcb,cflow
136,aflplusplus-0-exid21,11069-11076,fcb,cflow
137,afl-0-exid20,1109-2468,fcb,cflow
138,afl-0-exid21,1112-1116,fcb,cflow
139,afl-0-exid21,11120-11127,fcb,cflow
140,afl-0-exid24,11127-11138,fcb,cflow
141,aflfast-0-exid21,11138-11147,fcb,cflow
142,afl-0-exid20,11138-11301,fcb,cflow
143,afl-0-exid21,11147-11153,fcb,cflow
144,aflplusplus-0-exid21,11147-11183,fcb,cflow
145,afl-0-exid20,11147-11281,fcb,cflow
146,afl-0-exid23,11153-11162,fcb,cflow
147,afl-0-exid20,1116-1130,fcb,cflow
148,afl-0-exid20,11162-11167,fcb,cflow
149,afl-0-exid20,11167-11178,fcb,cflow
150,afl-0-exid20,11178-11301,fcb,cflow
151,fairfuzz-0-exid21,11183-11192,fcb,cflow
152,aflplusplus-0-exid22,11197-11208,fcb,cflow
153,aflfast-0-exid24,11208-11220,fcb,cflow
154,afl-0-exid20,11220-11225,fcb,cflow
155,afl-0-exid20,11220-11281,fcb,cflow
156,afl-0-exid20,11225-11229,fcb,cflow
157,afl-0-exid20,11225-11253,fcb,cflow
158,afl-0-exid22,11229-11234,fcb,cflow
159,afl-0-exid20,11234-11240,fcb,cflow
160,afl-0-exid20,11240-11247,fcb,cflow
161,afl-0-exid20,11247-11234,fcb,cflow
162,afl-0-exid21,11247-11295,fcb,cflow
163,afl-0-exid24,11253-11262,fcb,cflow
164,afl-0-exid22,11262-11267,fcb,cflow
165,afl-0-exid20,11267-11278,fcb,cflow
166,afl-0-exid21,11278-11295,fcb,cflow
167,afl-0-exid20,11281-11286,fcb,cflow
168,afl-0-exid20,11286-11301,fcb,cflow
169,afl-0-exid20,11295-11147,fcb,cflow
170,aflfast-0-exid20,11295-11301,fcb,cflow
171,afl-0-exid21,1130-2468,fcb,cflow
172,afl-0-exid22,11307-11314,fcb,cflow
173,aflplusplus-0-exid20,11307-11326,fcb,cflow
174,afl-0-exid21,11314-11341,fcb,cflow
175,afl-0-exid21,11326-11341,fcb,cflow
176,afl-0-exid23,1133-1137,fcb,cflow
177,aflfast-0-exid21,11379-11388,fcb,cflow
178,afl-0-exid21,11388-11392,fcb,cflow
179,afl-0-exid22,11392-11411,fcb,cflow
180,afl-0-exid20,11411-11388,fcb,cflow
181,fairfuzz-0-exid20,11418-11426,fcb,cflow
182,afl-0-exid20,11485-11618,fcb,cflow
183,afl-0-exid20,11501-11553,fcb,cflow
184,aflfast-0-exid22,11501-11612,fcb,cflow
185,afl-0-exid20,11506-11518,fcb,cflow
186,fairfuzz-0-exid23,11515-11518,fcb,cflow
187,afl-0-exid20,11537-11550,fcb,cflow
188,aflfast-0-exid23,1154-1158,fcb,cflow
189,afl-0-exid22,11550-11608,fcb,cflow
190,aflfast-0-exid23,11553-11561,fcb,cflow
191,afl-0-exid20,11563-11568,fcb,cflow
192,afl-0-exid20,11563-11572,fcb,cflow
193,aflfast-0-exid22,11563-11577,fcb,cflow
194,afl-0-exid22,11568-11577,fcb,cflow
195,afl-0-exid21,11572-11577,fcb,cflow
196,afl-0-exid21,11572-11583,fcb,cflow
197,aflfast-0-exid22,11577-11563,fcb,cflow
198,aflfast-0-exid20,11577-11583,fcb,cflow
199,aflfast-0-exid21,1158-1172,fcb,cflow
200,afl-0-exid20,11583-11592,fcb,cflow
201,afl-0-exid20,11592-11597,fcb,cflow
202,aflfast-0-exid20,11597-11608,fcb,cflow
203,aflfast-0-exid21,11612-11618,fcb,cflow
204,afl-0-exid23,11618-11633,fcb,cflow
205,afl-0-exid22,11638-11645,fcb,cflow
206,aflfast-0-exid21,11638-11716,fcb,cflow
207,afl-0-exid21,11645-11650,fcb,cflow
208,afl-0-exid20,11645-11653,fcb,cflow
209,aflfast-0-exid21,11650-11653,fcb,cflow
210,afl-0-exid21,11653-11661,fcb,cflow
211,fairfuzz-0-exid23,11661-11666,fcb,cflow
212,aflfast-0-exid24,11666-11677,fcb,cflow
213,afl-0-exid20,11677-11682,fcb,cflow
214,afl-0-exid24,11677-11710,fcb,cflow
215,afl-0-exid20,11677-11714,fcb,cflow
216,afl-0-exid20,11677-11716,fcb,cflow
217,aflfast-0-exid22,11682-11691,fcb,cflow
218,afl-0-exid24,11691-11696,fcb,cflow
219,afl-0-exid21,11696-11707,fcb,cflow
220,afl-0-exid22,11707-11714,fcb,cflow
221,afl-0-exid20,11710-11714,fcb,cflow
222,aflfast-0-exid22,11714-11716,fcb,cflow
223,aflfast-0-exid20,1172-2468,fcb,cflow
224,afl-0-exid20,11721-11730,fcb,cflow
225,aflfast-0-exid21,11721-11748,fcb,cflow
226,afl-0-exid20,11730-11737,fcb,cflow
227,afl-0-exid21,11730-11742,fcb,cflow
228,afl-0-exid20,11737-11742,fcb,cflow
229,afl-0-exid20,11737-11753,fcb,cflow
230,afl-0-exid20,11742-11730,fcb,cflow
231,afl-0-exid20,11742-11748,fcb,cflow
232,aflfast-0-exid23,11748-11753,fcb,cflow
233,fairfuzz-0-exid23,1175-1179,fcb,cflow
234,afl-0-exid22,11753-11781,fcb,cflow
235,aflfast-0-exid21,1196-1200,fcb,cflow
236,afl-0-exid21,1200-1214,fcb,cflow
237,afl-0-exid24,121-125,fcb,cflow
238,aflfast-0-exid20,1214-2468,fcb,cflow
239,afl-0-exid21,1217-1221,fcb,cflow
240,afl-0-exid22,1221-1235,fcb,cflow
241,afl-0-exid23,12321-12330,fcb,cflow
242,afl-0-exid21,1235-2468,fcb,cflow
243,afl-0-exid20,1238-1242,fcb,cflow
244,afl-0-exid20,1242-1256,fcb,cflow
245,afl-0-exid20,12466-12475,fcb,cflow
246,afl-0-exid24,12471-12475,fcb,cflow
247,aflfast-0-exid20,12475-12485,fcb,cflow
248,afl-0-exid24,12485-12500,fcb,cflow
249,aflfast-0-exid23,125-168,fcb,cflow
250,afl-0-exid20,12518-12521,fcb,cflow
251,fairfuzz-0-exid24,12518-12548,fcb,cflow
252,aflfast-0-exid23,12521-12531,fcb,cflow
253,fairfuzz-0-exid22,12531-12538,fcb,cflow
254,afl-0-exid21,12538-12543,fcb,cflow
255,aflfast-0-exid22,12543-12548,fcb,cflow
256,afl-0-exid20,12558-12566,fcb,cflow
257,afl-0-exid20,1256-2468,fcb,cflow
258,afl-0-exid20,12566-12575,fcb,cflow
259,aflplusplus-0-exid23,1259-1263,fcb,cflow
260,aflfast-0-exid21,12590-12604,fcb,cflow
261,afl-0-exid20,12617-12675,fcb,cflow
262,afl-0-exid21,12619-12626,fcb,cflow
263,afl-0-exid20,12626-12632,fcb,cflow
264,fairfuzz-0-exid21,1263-1277,fcb,cflow
265,afl-0-exid20,12632-12638,fcb,cflow
266,afl-0-exid20,12638-12675,fcb,cflow
267,afl-0-exid22,12647-12660,fcb,cflow
268,fairfuzz-0-exid22,12660-12666,fcb,cflow
269,afl-0-exid23,12666-12675,fcb,cflow
270,aflplusplus-0-exid22,12712-12721,fcb,cflow
271,fairfuzz-0-exid20,12716-12721,fcb,cflow
272,fairfuzz-0-exid23,12734-12857,fcb,cflow
273,afl-0-exid23,12740-12789,fcb,cflow
274,afl-0-exid20,12799-12806,fcb,cflow
275,afl-0-exid20,1280-1284,fcb,cflow
276,afl-0-exid20,12806-12799,fcb,cflow
277,aflfast-0-exid22,12812-12830,fcb,cflow
278,aflplusplus-0-exid22,12830-12837,fcb,cflow
279,afl-0-exid20,12830-12901,fcb,cflow
280,aflfast-0-exid21,12837-12847,fcb,cflow
281,afl-0-exid20,1284-1298,fcb,cflow
282,afl-0-exid20,12847-12901,fcb,cflow
283,afl-0-exid23,12865-12872,fcb,cflow
284,afl-0-exid20,12872-12865,fcb,cflow
285,aflplusplus-0-exid24,12872-12878,fcb,cflow
286,afl-0-exid23,12893-12898,fcb,cflow
287,aflfast-0-exid20,12898-12901,fcb,cflow
288,fairfuzz-0-exid21,12906-12918,fcb,cflow
289,fairfuzz-0-exid20,12906-12989,fcb,cflow
290,fairfuzz-0-exid20,12918-12931,fcb,cflow
291,afl-0-exid20,12938-12931,fcb,cflow
292,fairfuzz-0-exid24,12938-12944,fcb,cflow
293,fairfuzz-0-exid24,12944-12962,fcb,cflow
294,afl-0-exid24,12962-12969,fcb,cflow
295,afl-0-exid20,12962-12989,fcb,cflow
296,afl-0-exid24,12979-12989,fcb,cflow
297,afl-0-exid20,1298-2468,fcb,cflow
298,afl-0-exid20,12995-13007,fcb,cflow
299,afl-0-exid22,13-21,fcb,cflow
300,afl-0-exid22,13007-13019,fcb,cflow
301,afl-0-exid21,13019-13026,fcb,cflow
302,afl-0-exid20,13026-13019,fcb,cflow
303,afl-0-exid21,13026-13032,fcb,cflow
304,afl-0-exid20,13032-13047,fcb,cflow
305,afl-0-exid23,13047-13050,fcb,cflow
306,fairfuzz-0-exid22,1305-1319,fcb,cflow
307,fairfuzz-0-exid22,13126-13145,fcb,cflow
308,afl-0-exid23,13145-13126,fcb,cflow
309,afl-0-exid20,13156-13181,fcb,cflow
310,fairfuzz-0-exid20,13168-13181,fcb,cflow
311,fairfuzz-0-exid21,13185-13198,fcb,cflow
312,fairfuzz-0-exid22,13185-13231,fcb,cflow
313,afl-0-exid22,1319-2468,fcb,cflow
314,fairfuzz-0-exid22,13198-13202,fcb,cflow
315,aflplusplus-0-exid21,13202-13209,fcb,cflow
316,afl-0-exid21,13209-13212,fcb,cflow
317,afl-0-exid23,13212-13212,fcb,cflow
318,aflfast-0-exid20,13212-13231,fcb,cflow
319,afl-0-exid21,1322-1326,fcb,cflow
320,aflfast-0-exid24,13243-13256,fcb,cflow
321,afl-0-exid22,13256-13262,fcb,cflow
322,afl-0-exid20,1326-1340,fcb,cflow
323,afl-0-exid20,13262-13347,fcb,cflow
324,aflfast-0-exid22,13268-13347,fcb,cflow
325,afl-0-exid21,13274-13280,fcb,cflow
326,afl-0-exid21,13274-13347,fcb,cflow
327,fairfuzz-0-exid24,13280-13289,fcb,cflow
328,afl-0-exid22,13289-13296,fcb,cflow
329,afl-0-exid20,13296-13289,fcb,cflow
330,aflplusplus-0-exid23,13296-13302,fcb,cflow
331,afl-0-exid20,13302-13320,fcb,cflow
332,afl-0-exid22,13320-13327,fcb,cflow
333,fairfuzz-0-exid20,13327-13337,fcb,cflow
334,afl-0-exid20,13337-13347,fcb,cflow
335,aflfast-0-exid21,13361-13366,fcb,cflow
336,afl-0-exid21,13366-13404,fcb,cflow
337,aflplusplus-0-exid22,13372-13383,fcb,cflow
338,afl-0-exid23,13383-13388,fcb,cflow
339,afl-0-exid20,13383-13398,fcb,cflow
340,aflfast-0-exid21,13388-13393,fcb,cflow
341,afl-0-exid20,13388-13398,fcb,cflow
342,fairfuzz-0-exid23,13398-13372,fcb,cflow
343,afl-0-exid21,1340-2468,fcb,cflow
344,afl-0-exid20,1343-1347,fcb,cflow
345,afl-0-exid20,1347-1361,fcb,cflow
346,afl-0-exid21,1361-2468,fcb,cflow
347,aflfast-0-exid23,1368-1382,fcb,cflow
348,afl-0-exid20,1385-1389,fcb,cflow
349,afl-0-exid20,1389-1403,fcb,cflow
350,afl-0-exid20,1403-2468,fcb,cflow
351,afl-0-exid21,1406-1410,fcb,cflow
352,afl-0-exid20,1410-2468,fcb,cflow
353,aflplusplus-0-exid21,1449-1463,fcb,cflow
354,afl-0-exid20,1463-1474,fcb,cflow
355,aflplusplus-0-exid20,1463-1478,fcb,cflow
356,afl-0-exid20,1474-1478,fcb,cflow
357,aflplusplus-0-exid22,1496-2468,fcb,cflow
358,aflfast-0-exid24,154-168,fcb,cflow
359,afl-0-exid20,1543-1569,fcb,cflow
360,afl-0-exid21,1569-1573,fcb,cflow
361,afl-0-exid20,1610-1614,fcb,cflow
362,afl-0-exid20,1614-1628,fcb,cflow
363,afl-0-exid20,1628-1639,fcb,cflow
364,afl-0-exid21,1628-1643,fcb,cflow
365,afl-0-exid20,1639-1643,fcb,cflow
366,afl-0-exid20,1643-1661,fcb,cflow
367,afl-0-exid22,1661-2468,fcb,cflow
368,fairfuzz-0-exid24,1684-1698,fcb,cflow
369,aflplusplus-0-exid23,1701-1705,fcb,cflow
370,afl-0-exid24,1719-1723,fcb,cflow
371,aflfast-0-exid20,1723-1737,fcb,cflow
372,afl-0-exid22,1737-341,fcb,cflow
373,afl-0-exid23,1745-1749,fcb,cflow
374,fairfuzz-0-exid23,1749-341,fcb,cflow
375,afl-0-exid21,1763-1767,fcb,cflow
376,afl-0-exid20,1767-1781,fcb,cflow
377,afl-0-exid20,1781-341,fcb,cflow
378,afl-0-exid24,1786-1790,fcb,cflow
379,afl-0-exid24,1804-341,fcb,cflow
380,afl-0-exid20,1807-1811,fcb,cflow
381,afl-0-exid20,1811-341,fcb,cflow
382,fairfuzz-0-exid20,182-185,fcb,cflow
383,afl-0-exid20,1825-1829,fcb,cflow
384,afl-0-exid20,1829-1843,fcb,cflow
385,afl-0-exid20,1843-341,fcb,cflow
386,afl-0-exid20,1848-1852,fcb,cflow
387,afl-0-exid20,1852-1866,fcb,cflow
388,afl-0-exid20,1866-341,fcb,cflow
389,fairfuzz-0-exid21,1974-2468,fcb,cflow
390,aflfast-0-exid24,2006-2468,fcb,cflow
391,afl-0-exid20,2010-2015,fcb,cflow
392,afl-0-exid21,2015-2028,fcb,cflow
393,afl-0-exid20,2028-341,fcb,cflow
394,aflfast-0-exid24,2032-2047,fcb,cflow
395,afl-0-exid21,2058-2067,fcb,cflow
396,afl-0-exid21,2067-2089,fcb,cflow
397,afl-0-exid23,2067-2172,fcb,cflow
398,afl-0-exid22,2089-2097,fcb,cflow
399,afl-0-exid20,2089-2102,fcb,cflow
400,afl-0-exid22,2097-2102,fcb,cflow
401,afl-0-exid22,2102-2111,fcb,cflow
402,afl-0-exid20,2102-2115,fcb,cflow
403,afl-0-exid23,2111-2115,fcb,cflow
404,aflfast-0-exid20,2115-2129,fcb,cflow
405,afl-0-exid21,2115-2158,fcb,cflow
406,afl-0-exid21,2129-2137,fcb,cflow
407,afl-0-exid20,2129-2144,fcb,cflow
408,afl-0-exid22,2137-2144,fcb,cflow
409,afl-0-exid20,2144-2158,fcb,cflow
410,afl-0-exid20,2158-2089,fcb,cflow
411,afl-0-exid21,2158-2169,fcb,cflow
412,afl-0-exid24,2169-2172,fcb,cflow
413,aflfast-0-exid20,2172-2184,fcb,cflow
414,afl-0-exid20,2172-2188,fcb,cflow
415,afl-0-exid23,2184-2188,fcb,cflow
416,aflplusplus-0-exid23,2188-2201,fcb,cflow
417,afl-0-exid22,2188-2217,fcb,cflow
418,afl-0-exid22,2201-2201,fcb,cflow
419,aflfast-0-exid22,2201-2217,fcb,cflow
420,afl-0-exid24,2217-2229,fcb,cflow
421,afl-0-exid24,2217-2367,fcb,cflow
422,afl-0-exid20,2229-91,fcb,cflow
423,fairfuzz-0-exid22,2237-2346,fcb,cflow
424,afl-0-exid23,2240-2266,fcb,cflow
425,afl-0-exid22,2266-2274,fcb,cflow
426,afl-0-exid20,2266-2279,fcb,cflow
427,aflplusplus-0-exid22,2274-2279,fcb,cflow
428,aflfast-0-exid20,2279-2288,fcb,cflow
429,afl-0-exid20,2279-2292,fcb,cflow
430,afl-0-exid20,2288-2292,fcb,cflow
431,aflfast-0-exid22,2292-2306,fcb,cflow
432,afl-0-exid20,2292-2335,fcb,cflow
433,afl-0-exid21,2306-2314,fcb,cflow
434,afl-0-exid20,2306-2321,fcb,cflow
435,afl-0-exid20,2314-2321,fcb,cflow
436,aflfast-0-exid20,2321-2335,fcb,cflow
437,afl-0-exid20,2335-2266,fcb,cflow
438,aflfast-0-exid21,2335-88,fcb,cflow
439,aflfast-0-exid22,2346-2372,fcb,cflow
440,afl-0-exid21,2367-185,fcb,cflow
441,afl-0-exid24,2372-2380,fcb,cflow
442,afl-0-exid20,2372-2385,fcb,cflow
443,afl-0-exid21,2380-2385,fcb,cflow
444,afl-0-exid21,2385-2394,fcb,cflow
445,afl-0-exid20,2385-2398,fcb,cflow
446,afl-0-exid22,2394-2398,fcb,cflow
447,afl-0-exid20,2398-2412,fcb,cflow
448,afl-0-exid20,2398-2441,fcb,cflow
449,afl-0-exid20,2412-2420,fcb,cflow
450,afl-0-exid20,2412-2427,fcb,cflow
451,afl-0-exid22,2420-2427,fcb,cflow
452,aflfast-0-exid20,2427-2441,fcb,cflow
453,afl-0-exid21,2441-2372,fcb,cflow
454,afl-0-exid23,2441-290,fcb,cflow
455,aflplusplus-0-exid22,2476-2486,fcb,cflow
456,aflplusplus-0-exid24,25175-25190,fcb,cflow
457,afl-0-exid20,25477-25495,fcb,cflow
458,afl-0-exid23,25628-25644,fcb,cflow
459,afl-0-exid24,2583-2588,fcb,cflow
460,fairfuzz-0-exid23,26030-26035,fcb,cflow
461,aflfast-0-exid20,2612-2619,fcb,cflow
462,aflplusplus-0-exid23,26121-26087,fcb,cflow
463,fairfuzz-0-exid24,26296-26306,fcb,cflow
464,afl-0-exid20,26340-26309,fcb,cflow
465,afl-0-exid21,26363-26374,fcb,cflow
466,aflplusplus-0-exid21,26400-26405,fcb,cflow
467,afl-0-exid23,26410-26421,fcb,cflow
468,aflfast-0-exid21,26453-26456,fcb,cflow
469,fairfuzz-0-exid22,26508-26518,fcb,cflow
470,aflfast-0-exid21,26554-26563,fcb,cflow
471,afl-0-exid22,26653-26664,fcb,cflow
472,aflfast-0-exid20,26664-26668,fcb,cflow
473,afl-0-exid22,2667-2675,fcb,cflow
474,aflfast-0-exid22,2675-2683,fcb,cflow
475,afl-0-exid20,2683-2675,fcb,cflow
476,afl-0-exid23,2683-2692,fcb,cflow
477,afl-0-exid22,26840-26890,fcb,cflow
478,afl-0-exid20,2692-2696,fcb,cflow
479,afl-0-exid20,2692-2701,fcb,cflow
480,afl-0-exid23,2696-2701,fcb,cflow
481,afl-0-exid20,2701-2713,fcb,cflow
482,afl-0-exid20,2701-2836,fcb,cflow
483,aflfast-0-exid20,2713-2717,fcb,cflow
484,afl-0-exid20,2717-2726,fcb,cflow
485,afl-0-exid21,2717-2733,fcb,cflow
486,afl-0-exid20,2726-2717,fcb,cflow
487,afl-0-exid20,2726-2833,fcb,cflow
488,afl-0-exid21,2733-2738,fcb,cflow
489,afl-0-exid20,2733-2836,fcb,cflow
490,afl-0-exid20,2738-2744,fcb,cflow
491,afl-0-exid20,2744-2751,fcb,cflow
492,aflfast-0-exid23,2744-2755,fcb,cflow
493,afl-0-exid22,2751-2744,fcb,cflow
494,afl-0-exid20,2755-2776,fcb,cflow
495,aflfast-0-exid20,2755-2780,fcb,cflow
496,fairfuzz-0-exid20,27571-27576,fcb,cflow
497,afl-0-exid20,2776-2780,fcb,cflow
498,aflfast-0-exid20,27769-27783,fcb,cflow
499,afl-0-exid20,2780-2793,fcb,cflow
500,afl-0-exid20,2780-2797,fcb,cflow
501,aflfast-0-exid21,27920-27927,fcb,cflow
502,afl-0-exid20,2793-2797,fcb,cflow
503,fairfuzz-0-exid24,27936-27947,fcb,cflow
504,afl-0-exid23,2797-2814,fcb,cflow
505,afl-0-exid21,280-1007,fcb,cflow
506,afl-0-exid20,280-1028,fcb,cflow
507,afl-0-exid20,280-1049,fcb,cflow
508,afl-0-exid20,280-1070,fcb,cflow
509,afl-0-exid23,280-1091,fcb,cflow
510,afl-0-exid20,280-1112,fcb,cflow
511,fairfuzz-0-exid20,280-1133,fcb,cflow
512,aflfast-0-exid20,280-1154,fcb,cflow
513,afl-0-exid22,280-1196,fcb,cflow
514,afl-0-exid20,280-1217,fcb,cflow
515,afl-0-exid21,280-1238,fcb,cflow
516,afl-0-exid22,280-1259,fcb,cflow
517,afl-0-exid22,280-1280,fcb,cflow
518,aflfast-0-exid24,280-1301,fcb,cflow
519,afl-0-exid20,280-1322,fcb,cflow
520,afl-0-exid20,280-1343,fcb,cflow
521,aflplusplus-0-exid23,280-1364,fcb,cflow
522,afl-0-exid23,280-1385,fcb,cflow
523,afl-0-exid20,280-1406,fcb,cflow
524,afl-0-exid20,280-1610,fcb,cflow
525,afl-0-exid20,280-1719,fcb,cflow
526,afl-0-exid20,280-1763,fcb,cflow
527,afl-0-exid20,280-1807,fcb,cflow
528,afl-0-exid20,280-1825,fcb,cflow
529,afl-0-exid20,280-1848,fcb,cflow
530,aflplusplus-0-exid20,280-1869,fcb,cflow
531,afl-0-exid20,280-2010,fcb,cflow
532,afl-0-exid21,280-293,fcb,cflow
533,aflfast-0-exid22,280-316,fcb,cflow
534,aflplusplus-0-exid23,280-337,fcb,cflow
535,afl-0-exid23,280-357,fcb,cflow
536,afl-0-exid21,280-380,fcb,cflow
537,afl-0-exid20,280-421,fcb,cflow
538,aflfast-0-exid24,280-442,fcb,cflow
539,afl-0-exid21,280-463,fcb,cflow
540,afl-0-exid20,280-510,fcb,cflow
541,afl-0-exid21,280-533,fcb,cflow
542,afl-0-exid24,280-557,fcb,cflow
543,aflfast-0-exid20,280-575,fcb,cflow
544,afl-0-exid20,280-611,fcb,cflow
545,afl-0-exid22,280-650,fcb,cflow
546,afl-0-exid23,280-671,fcb,cflow
547,afl-0-exid22,280-713,fcb,cflow
548,afl-0-exid20,280-734,fcb,cflow
549,afl-0-exid21,280-755,fcb,cflow
550,afl-0-exid24,280-776,fcb,cflow
551,afl-0-exid22,280-797,fcb,cflow
552,afl-0-exid20,280-818,fcb,cflow
553,aflfast-0-exid24,280-839,fcb,cflow
554,afl-0-exid20,280-881,fcb,cflow
555,afl-0-exid20,280-902,fcb,cflow
556,afl-0-exid20,280-923,fcb,cflow
557,afl-0-exid20,280-944,fcb,cflow
558,afl-0-exid20,280-965,fcb,cflow
559,afl-0-exid20,280-986,fcb,cflow
560,afl-0-exid22,2814-2836,fcb,cflow
561,afl-0-exid20,28323-28315,fcb,cflow
562,afl-0-exid20,2833-2836,fcb,cflow
563,afl-0-exid23,2836-2847,fcb,cflow
564,afl-0-exid22,2851-2874,fcb,cflow
565,aflplusplus-0-exid24,2855-2861,fcb,cflow
566,aflfast-0-exid24,28553-28699,fcb,cflow
567,aflfast-0-exid22,2861-2866,fcb,cflow
568,afl-0-exid20,28648-28662,fcb,cflow
569,aflplusplus-0-exid20,28653-28675,fcb,cflow
570,afl-0-exid20,28662-28669,fcb,cflow
571,afl-0-exid20,28669-28675,fcb,cflow
572,afl-0-exid20,2874-2885,fcb,cflow
573,afl-0-exid24,28751-28783,fcb,cflow
574,fairfuzz-0-exid23,28762-28769,fcb,cflow
575,aflfast-0-exid20,28769-28774,fcb,cflow
576,afl-0-exid23,28774-28783,fcb,cflow
577,fairfuzz-0-exid23,28777-28762,fcb,cflow
578,fairfuzz-0-exid24,28783-28787,fcb,cflow
579,afl-0-exid20,28787-28792,fcb,cflow
580,fairfuzz-0-exid21,28792-28796,fcb,cflow
581,afl-0-exid24,28796-29001,fcb,cflow
582,afl-0-exid21,28846-28852,fcb,cflow
583,afl-0-exid21,2885-2889,fcb,cflow
584,afl-0-exid20,28885-28893,fcb,cflow
585,fairfuzz-0-exid22,28885-28939,fcb,cflow
586,afl-0-exid20,2889-2902,fcb,cflow
587,aflplusplus-0-exid24,2889-2906,fcb,cflow
588,afl-0-exid23,28893-28896,fcb,cflow
589,afl-0-exid20,28896-28904,fcb,cflow
590,afl-0-exid22,28904-28910,fcb,cflow
591,afl-0-exid20,28904-28939,fcb,cflow
592,afl-0-exid20,28910-28917,fcb,cflow
593,afl-0-exid20,28917-28926,fcb,cflow
594,afl-0-exid20,28926-28910,fcb,cflow
595,afl-0-exid21,28926-28939,fcb,cflow
596,afl-0-exid20,28993-29001,fcb,cflow
597,aflfast-0-exid20,29-33,fcb,cflow
598,afl-0-exid21,290-2367,fcb,cflow
599,afl-0-exid20,2902-2906,fcb,cflow
600,afl-0-exid20,293-297,fcb,cflow
601,afl-0-exid20,297-311,fcb,cflow
602,afl-0-exid20,29852-29859,fcb,cflow
603,afl-0-exid22,29859-29872,fcb,cflow
604,afl-0-exid23,2992-3001,fcb,cflow
605,afl-0-exid20,3001-3012,fcb,cflow
606,afl-0-exid24,3001-3121,fcb,cflow
607,afl-0-exid21,3012-3023,fcb,cflow
608,afl-0-exid20,3012-3121,fcb,cflow
609,afl-0-exid22,3023-3034,fcb,cflow
610,afl-0-exid20,3023-3095,fcb,cflow
611,afl-0-exid20,3034-3037,fcb,cflow
612,afl-0-exid20,3037-3037,fcb,cflow
613,afl-0-exid21,3037-3095,fcb,cflow
614,aflplusplus-0-exid20,30675-31083,fcb,cflow
615,afl-0-exid20,3095-3099,fcb,cflow
616,afl-0-exid20,3095-3118,fcb,cflow
617,afl-0-exid20,3099-3099,fcb,cflow
618,afl-0-exid22,3099-3118,fcb,cflow
619,afl-0-exid20,311-341,fcb,cflow
620,afl-0-exid22,3118-3121,fcb,cflow
621,afl-0-exid20,3118-3246,fcb,cflow
622,aflfast-0-exid20,3121-3134,fcb,cflow
623,afl-0-exid20,3121-3153,fcb,cflow
624,afl-0-exid20,3134-3134,fcb,cflow
625,aflfast-0-exid20,3134-3153,fcb,cflow
626,afl-0-exid21,3153-3159,fcb,cflow
627,aflplusplus-0-exid20,3153-3246,fcb,cflow
628,afl-0-exid20,3159-3159,fcb,cflow
629,afl-0-exid20,3159-3246,fcb,cflow
630,afl-0-exid21,316-320,fcb,cflow
631,aflfast-0-exid20,32012-32049,fcb,cflow
632,afl-0-exid22,32049-32065,fcb,cflow
633,afl-0-exid23,32065-32070,fcb,cflow
634,afl-0-exid20,32070-32080,fcb,cflow
635,afl-0-exid21,32080-32107,fcb,cflow
636,afl-0-exid21,32107-32115,fcb,cflow
637,afl-0-exid20,32107-32141,fcb,cflow
638,afl-0-exid20,32115-32136,fcb,cflow
639,afl-0-exid20,32136-32141,fcb,cflow
640,afl-0-exid20,3249-3255,fcb,cflow
641,afl-0-exid20,3255-3433,fcb,cflow
642,afl-0-exid20,3260-3269,fcb,cflow
643,afl-0-exid21,3269-3285,fcb,cflow
644,afl-0-exid21,3285-3305,fcb,cflow
645,afl-0-exid20,3305-3321,fcb,cflow
646,afl-0-exid21,334-341,fcb,cflow
647,afl-0-exid20,337-343,fcb,cflow
648,fairfuzz-0-exid21,343-341,fcb,cflow
649,aflplusplus-0-exid22,3433-3439,fcb,cflow
650,aflfast-0-exid21,3433-3449,fcb,cflow
651,afl-0-exid24,3449-3454,fcb,cflow
652,aflplusplus-0-exid21,3535-3538,fcb,cflow
653,afl-0-exid21,3556-3562,fcb,cflow
654,afl-0-exid20,357-361,fcb,cflow
655,afl-0-exid21,361-375,fcb,cflow
656,aflplusplus-0-exid20,3700-3703,fcb,cflow
657,aflfast-0-exid22,3703-3711,fcb,cflow
658,afl-0-exid20,375-341,fcb,cflow
659,afl-0-exid24,380-384,fcb,cflow
660,afl-0-exid22,402-416,fcb,cflow
661,afl-0-exid23,416-341,fcb,cflow
662,afl-0-exid22,421-425,fcb,cflow
663,afl-0-exid23,425-439,fcb,cflow
664,afl-0-exid23,439-341,fcb,cflow
665,afl-0-exid22,442-446,fcb,cflow
666,afl-0-exid20,446-460,fcb,cflow
667,afl-0-exid21,460-341,fcb,cflow
668,afl-0-exid20,463-467,fcb,cflow
669,afl-0-exid20,467-481,fcb,cflow
670,afl-0-exid22,481-341,fcb,cflow
671,aflplusplus-0-exid21,4956-4968,fcb,cflow
672,afl-0-exid21,505-341,fcb,cflow
673,afl-0-exid21,510-514,fcb,cflow
674,afl-0-exid21,514-528,fcb,cflow
675,afl-0-exid20,528-341,fcb,cflow
676,afl-0-exid22,533-537,fcb,cflow
677,afl-0-exid20,537-551,fcb,cflow
678,afl-0-exid22,5403-5607,fcb,cflow
679,aflplusplus-0-exid23,5422-5425,fcb,cflow
680,afl-0-exid20,5453-5466,fcb,cflow
681,aflplusplus-0-exid24,5453-5567,fcb,cflow
682,afl-0-exid20,5466-5483,fcb,cflow
683,afl-0-exid20,5466-5567,fcb,cflow
684,afl-0-exid24,5483-5493,fcb,cflow
685,afl-0-exid21,5483-5540,fcb,cflow
686,afl-0-exid22,5493-5496,fcb,cflow
687,afl-0-exid23,5496-5496,fcb,cflow
688,afl-0-exid22,5496-5540,fcb,cflow
689,afl-0-exid23,551-341,fcb,cflow
690,afl-0-exid24,5540-5544,fcb,cflow
691,afl-0-exid21,5540-5564,fcb,cflow
692,afl-0-exid22,5544-5564,fcb,cflow
693,afl-0-exid20,5564-5567,fcb,cflow
694,afl-0-exid20,5564-5586,fcb,cflow
695,aflfast-0-exid24,557-561,fcb,cflow
696,afl-0-exid20,5571-5571,fcb,cflow
697,aflfast-0-exid24,561-341,fcb,cflow
698,afl-0-exid23,5612-5627,fcb,cflow
699,afl-0-exid21,5640-5645,fcb,cflow
700,afl-0-exid20,5645-5669,fcb,cflow
701,afl-0-exid22,5650-5655,fcb,cflow
702,afl-0-exid21,5655-5659,fcb,cflow
703,afl-0-exid20,5665-5669,fcb,cflow
704,afl-0-exid20,575-579,fcb,cflow
705,fairfuzz-0-exid20,5768-5783,fcb,cflow
706,afl-0-exid20,579-2468,fcb,cflow
707,fairfuzz-0-exid24,5817-5856,fcb,cflow
708,aflplusplus-0-exid24,5828-5831,fcb,cflow
709,afl-0-exid20,5831-5846,fcb,cflow
710,afl-0-exid20,5861-5872,fcb,cflow
711,afl-0-exid20,5861-5878,fcb,cflow
712,afl-0-exid20,5872-5884,fcb,cflow
713,afl-0-exid20,5878-5884,fcb,cflow
714,afl-0-exid22,5884-5902,fcb,cflow
715,afl-0-exid20,5917-5990,fcb,cflow
716,aflplusplus-0-exid20,593-597,fcb,cflow
717,aflfast-0-exid23,5930-5941,fcb,cflow
718,afl-0-exid22,5941-5953,fcb,cflow
719,fairfuzz-0-exid22,5941-5958,fcb,cflow
720,afl-0-exid21,5953-5962,fcb,cflow
721,aflplusplus-0-exid20,5962-5977,fcb,cflow
722,afl-0-exid21,5977-5981,fcb,cflow
723,fairfuzz-0-exid20,5994-5999,fcb,cflow
724,afl-0-exid20,6009-6028,fcb,cflow
725,fairfuzz-0-exid22,6015-6028,fcb,cflow
726,aflplusplus-0-exid20,6038-6045,fcb,cflow
727,afl-0-exid22,6045-6045,fcb,cflow
728,fairfuzz-0-exid23,6045-6056,fcb,cflow
729,afl-0-exid20,6078-6084,fcb,cflow
730,afl-0-exid20,6084-6137,fcb,cflow
731,aflplusplus-0-exid23,611-615,fcb,cflow
732,aflfast-0-exid22,6110-6129,fcb,cflow
733,afl-0-exid20,6124-6129,fcb,cflow
734,aflplusplus-0-exid21,629-633,fcb,cflow
735,aflplusplus-0-exid21,6341-6390,fcb,cflow
736,afl-0-exid23,647-2468,fcb,cflow
737,afl-0-exid20,650-654,fcb,cflow
738,aflfast-0-exid20,654-668,fcb,cflow
739,afl-0-exid20,668-2468,fcb,cflow
740,afl-0-exid22,671-675,fcb,cflow
741,aflfast-0-exid23,675-689,fcb,cflow
742,aflfast-0-exid24,689-2468,fcb,cflow
743,afl-0-exid20,713-717,fcb,cflow
744,afl-0-exid20,717-731,fcb,cflow
745,afl-0-exid21,731-2468,fcb,cflow
746,afl-0-exid20,734-738,fcb,cflow
747,afl-0-exid20,7361-7361,fcb,cflow
748,afl-0-exid21,738-752,fcb,cflow
749,afl-0-exid20,752-2468,fcb,cflow
750,afl-0-exid20,755-759,fcb,cflow
751,afl-0-exid20,759-773,fcb,cflow
752,afl-0-exid23,773-2468,fcb,cflow
753,afl-0-exid20,7731-7891,fcb,cflow
754,aflfast-0-exid20,7740-7746,fcb,cflow
755,afl-0-exid20,7746-7749,fcb,cflow
756,afl-0-exid20,7749-7749,fcb,cflow
757,afl-0-exid20,7749-7819,fcb,cflow
758,afl-0-exid22,776-780,fcb,cflow
759,afl-0-exid20,780-794,fcb,cflow
760,afl-0-exid20,7819-7837,fcb,cflow
761,fairfuzz-0-exid21,7853-7859,fcb,cflow
762,aflplusplus-0-exid24,7880-7859,fcb,cflow
763,aflplusplus-0-exid22,7880-7886,fcb,cflow
764,afl-0-exid20,7891-7921,fcb,cflow
765,afl-0-exid22,7902-7908,fcb,cflow
766,afl-0-exid20,7908-7916,fcb,cflow
767,aflplusplus-0-exid21,7916-7902,fcb,cflow
768,afl-0-exid20,794-2468,fcb,cflow
769,afl-0-exid21,797-801,fcb,cflow
770,afl-0-exid20,7974-7979,fcb,cflow
771,afl-0-exid24,7974-7992,fcb,cflow
772,fairfuzz-0-exid22,7992-7996,fcb,cflow
773,aflplusplus-0-exid23,7999-8007,fcb,cflow
774,afl-0-exid24,7999-8048,fcb,cflow
775,afl-0-exid20,801-815,fcb,cflow
776,afl-0-exid24,8016-8021,fcb,cflow
777,aflplusplus-0-exid23,8016-8043,fcb,cflow
778,afl-0-exid20,8025-8043,fcb,cflow
779,afl-0-exid21,8030-8043,fcb,cflow
780,afl-0-exid20,815-2468,fcb,cflow
781,afl-0-exid20,818-822,fcb,cflow
782,afl-0-exid20,822-836,fcb,cflow
783,aflfast-0-exid23,8292-8297,fcb,cflow
784,afl-0-exid20,8292-8390,fcb,cflow
785,aflplusplus-0-exid23,8297-8386,fcb,cflow
786,fairfuzz-0-exid21,8314-8319,fcb,cflow
787,afl-0-exid23,8327-8319,fcb,cflow
788,aflplusplus-0-exid24,8327-8335,fcb,cflow
789,afl-0-exid20,8359-8375,fcb,cflow
790,afl-0-exid21,836-2468,fcb,cflow
791,afl-0-exid23,8367-8375,fcb,cflow
792,aflfast-0-exid22,839-843,fcb,cflow
793,afl-0-exid20,843-857,fcb,cflow
794,aflfast-0-exid21,857-2468,fcb,cflow
795,aflfast-0-exid23,860-864,fcb,cflow
796,aflfast-0-exid21,878-2468,fcb,cflow
797,fairfuzz-0-exid20,8784-8829,fcb,cflow
798,afl-0-exid20,8787-8813,fcb,cflow
799,afl-0-exid22,88-91,fcb,cflow
800,afl-0-exid23,881-885,fcb,cflow
801,afl-0-exid20,8813-8824,fcb,cflow
802,afl-0-exid22,885-899,fcb,cflow
803,aflfast-0-exid24,8884-8991,fcb,cflow
804,aflplusplus-0-exid23,8884-9074,fcb,cflow
805,aflfast-0-exid20,8884-9096,fcb,cflow
806,afl-0-exid20,8884-9136,fcb,cflow
807,afl-0-exid20,8884-9176,fcb,cflow
808,afl-0-exid23,8884-9219,fcb,cflow
809,aflfast-0-exid23,8889-8910,fcb,cflow
810,afl-0-exid20,8892-8900,fcb,cflow
811,afl-0-exid20,8900-8904,fcb,cflow
812,afl-0-exid20,8910-8925,fcb,cflow
813,afl-0-exid20,8925-8930,fcb,cflow
814,aflfast-0-exid23,8939-8942,fcb,cflow
815,afl-0-exid20,8939-8960,fcb,cflow
816,afl-0-exid20,8942-8950,fcb,cflow
817,aflplusplus-0-exid24,8942-8954,fcb,cflow
818,afl-0-exid20,8950-8954,fcb,cflow
819,afl-0-exid20,8960-8978,fcb,cflow
820,afl-0-exid21,8960-8983,fcb,cflow
821,afl-0-exid20,8978-8983,fcb,cflow
822,afl-0-exid20,899-2468,fcb,cflow
823,afl-0-exid20,8991-8999,fcb,cflow
824,afl-0-exid21,8999-9003,fcb,cflow
825,afl-0-exid22,9003-9227,fcb,cflow
826,afl-0-exid20,9010-9031,fcb,cflow
827,afl-0-exid20,9013-9021,fcb,cflow
828,afl-0-exid20,902-906,fcb,cflow
829,afl-0-exid20,9021-9025,fcb,cflow
830,afl-0-exid20,9031-9039,fcb,cflow
831,afl-0-exid20,9039-9043,fcb,cflow
832,afl-0-exid20,9052-9060,fcb,cflow
833,afl-0-exid20,906-920,fcb,cflow
834,afl-0-exid20,9060-9066,fcb,cflow
835,afl-0-exid20,9074-9082,fcb,cflow
836,afl-0-exid20,9082-9087,fcb,cflow
837,afl-0-exid22,9087-9227,fcb,cflow
838,afl-0-exid21,9096-9099,fcb,cflow
839,aflfast-0-exid22,9096-9117,fcb,cflow
840,afl-0-exid20,9099-9107,fcb,cflow
841,afl-0-exid21,9099-9111,fcb,cflow
842,afl-0-exid21,9107-9111,fcb,cflow
843,afl-0-exid20,9111-9117,fcb,cflow
844,afl-0-exid20,9117-9125,fcb,cflow
845,afl-0-exid23,9117-9129,fcb,cflow
846,afl-0-exid20,9125-9129,fcb,cflow
847,afl-0-exid20,9136-9139,fcb,cflow
848,afl-0-exid20,9136-9157,fcb,cflow
849,afl-0-exid20,9139-9147,fcb,cflow
850,afl-0-exid21,9139-9151,fcb,cflow
851,afl-0-exid20,9147-9151,fcb,cflow
852,afl-0-exid20,9151-9157,fcb,cflow
853,afl-0-exid20,9157-9165,fcb,cflow
854,afl-0-exid20,9157-9169,fcb,cflow
855,afl-0-exid21,9165-9169,fcb,cflow
856,afl-0-exid24,9169-9227,fcb,cflow
857,afl-0-exid20,9176-9184,fcb,cflow
858,afl-0-exid22,9176-9188,fcb,cflow
859,afl-0-exid20,9184-9188,fcb,cflow
860,afl-0-exid20,9188-9205,fcb,cflow
861,afl-0-exid21,9188-9210,fcb,cflow
862,afl-0-exid21,920-2468,fcb,cflow
863,afl-0-exid20,9205-9210,fcb,cflow
864,afl-0-exid20,9210-9227,fcb,cflow
865,afl-0-exid20,9219-9227,fcb,cflow
866,afl-0-exid20,923-927,fcb,cflow
867,aflfast-0-exid24,9232-9241,fcb,cflow
868,afl-0-exid22,9241-9249,fcb,cflow
869,afl-0-exid20,9241-9255,fcb,cflow
870,afl-0-exid21,9241-9259,fcb,cflow
871,afl-0-exid20,9241-9263,fcb,cflow
872,afl-0-exid21,9241-9267,fcb,cflow
873,afl-0-exid20,9241-9271,fcb,cflow
874,afl-0-exid21,9241-9275,fcb,cflow
875,afl-0-exid24,9241-9281,fcb,cflow
876,afl-0-exid20,9249-9285,fcb,cflow
877,afl-0-exid21,9255-9285,fcb,cflow
878,afl-0-exid20,9259-9285,fcb,cflow
879,afl-0-exid21,9263-9285,fcb,cflow
880,afl-0-exid20,9267-9285,fcb,cflow
881,afl-0-exid21,927-941,fcb,cflow
882,afl-0-exid21,9271-9285,fcb,cflow
883,afl-0-exid20,9275-9285,fcb,cflow
884,afl-0-exid21,9281-9285,fcb,cflow
885,afl-0-exid20,9403-9411,fcb,cflow
886,afl-0-exid21,941-2468,fcb,cflow
887,afl-0-exid20,9411-9415,fcb,cflow
888,afl-0-exid20,944-948,fcb,cflow
889,afl-0-exid20,948-962,fcb,cflow
890,afl-0-exid20,9532-9593,fcb,cflow
891,afl-0-exid21,9546-9550,fcb,cflow
892,afl-0-exid20,9546-9553,fcb,cflow
893,afl-0-exid20,9546-9589,fcb,cflow
894,aflfast-0-exid23,9550-9566,fcb,cflow
895,afl-0-exid22,9553-9566,fcb,cflow
896,afl-0-exid24,9558-9562,fcb,cflow
897,afl-0-exid20,9566-9573,fcb,cflow
898,afl-0-exid20,9573-9583,fcb,cflow
899,fairfuzz-0-exid21,9589-9546,fcb,cflow
900,aflfast-0-exid22,9597-9611,fcb,cflow
901,afl-0-exid21,9597-9639,fcb,cflow
902,afl-0-exid21,9611-9620,fcb,cflow
903,afl-0-exid21,962-2468,fcb,cflow
904,afl-0-exid22,9620-9625,fcb,cflow
905,aflfast-0-exid24,9625-9636,fcb,cflow
906,aflfast-0-exid24,9636-9639,fcb,cflow
907,afl-0-exid21,9639-9645,fcb,cflow
908,afl-0-exid20,9639-9649,fcb,cflow
909,afl-0-exid20,9645-9649,fcb,cflow
910,afl-0-exid22,965-969,fcb,cflow
911,afl-0-exid20,969-983,fcb,cflow
912,afl-0-exid20,9780-9785,fcb,cflow
913,afl-0-exid23,9780-9823,fcb,cflow
914,afl-0-exid20,9785-9787,fcb,cflow
915,afl-0-exid20,9785-9838,fcb,cflow
916,fairfuzz-0-exid24,9787-9789,fcb,cflow
917,aflfast-0-exid22,9787-9792,fcb,cflow
918,aflplusplus-0-exid24,9789-9780,fcb,cflow
919,afl-0-exid24,9792-9796,fcb,cflow
920,fairfuzz-0-exid24,9796-9776,fcb,cflow
921,afl-0-exid22,9802-9807,fcb,cflow
922,afl-0-exid20,9802-9838,fcb,cflow
923,afl-0-exid20,9807-9820,fcb,cflow
924,afl-0-exid20,9812-9817,fcb,cflow
925,afl-0-exid20,9817-9820,fcb,cflow
926,aflplusplus-0-exid20,9820-9838,fcb,cflow
927,afl-0-exid20,9823-9838,fcb,cflow
928,afl-0-exid20,983-2468,fcb,cflow
929,aflplusplus-0-exid21,9856-9861,fcb,cflow
930,afl-0-exid20,986-990,fcb,cflow
931,afl-0-exid24,9861-9866,fcb,cflow
932,afl-0-exid20,9861-9869,fcb,cflow
933,fairfuzz-0-exid24,9882-9893,fcb,cflow
934,afl-0-exid21,9893-9897,fcb,cflow
935,afl-0-exid20,9897-10016,fcb,cflow
936,afl-0-exid20,9897-10101,fcb,cflow
937,afl-0-exid20,9897-9900,fcb,cflow
938,fairfuzz-0-exid22,9897-9903,fcb,cflow
939,afl-0-exid20,990-1004,fcb,cflow
940,afl-0-exid20,9900-9897,fcb,cflow
941,fairfuzz-0-exid21,9903-10030,fcb,cflow
942,aflfast-0-exid22,9903-9907,fcb,cflow
943,aflfast-0-exid23,9907-9914,fcb,cflow
944,afl-0-exid23,9914-9924,fcb,cflow
945,afl-0-exid22,9924-9932,fcb,cflow
946,afl-0-exid23,9932-9938,fcb,cflow
947,aflfast-0-exid20,9938-9955,fcb,cflow
948,afl-0-exid20,9955-9963,fcb,cflow
949,afl-0-exid21,9963-9976,fcb,cflow
950,afl-0-exid20,9976-9991,fcb,cflow
951,afl-0-exid20,9991-10030,fcb,cflow
952,symcc-0-exid4,10-13,fca,cflow
953,aflplusplus-0-exid1,10016-10021,fca,cflow
954,aflplusplus-0-exid1,10021-10030,fca,cflow
955,aflplusplus-0-exid0,1004-2468,fca,cflow
956,mopt-0-exid2,10040-10054,fca,cflow
957,symcc-0-exid0,10040-10101,fca,cflow
958,mopt-0-exid4,10046-10101,fca,cflow
959,aflplusplus-0-exid0,10054-10056,fca,cflow
960,fairfuzz-0-exid4,10054-10101,fca,cflow
961,aflplusplus-0-exid1,10056-10064,fca,cflow
962,aflplusplus-0-exid0,10062-10036,fca,cflow
963,aflplusplus-0-exid0,10064-10062,fca,cflow
964,aflplusplus-0-exid0,1007-1011,fca,cflow
965,aflplusplus-0-exid4,10071-10078,fca,cflow
966,symcc-0-exid3,10075-10081,fca,cflow
967,mopt-0-exid4,10081-10040,fca,cflow
968,symcc-0-exid4,10083-10101,fca,cflow
969,mopt-0-exid3,10086-10101,fca,cflow
970,symcc-0-exid1,10104-10108,fca,cflow
971,aflplusplus-0-exid0,10104-10112,fca,cflow
972,aflplusplus-0-exid3,10108-10116,fca,cflow
973,aflplusplus-0-exid1,1011-1025,fca,cflow
974,aflplusplus-0-exid0,10112-10116,fca,cflow
975,aflplusplus-0-exid0,10112-10222,fca,cflow
976,aflplusplus-0-exid0,10116-10119,fca,cflow
977,aflplusplus-0-exid4,10119-10127,fca,cflow
978,aflplusplus-0-exid3,10119-10157,fca,cflow
979,aflplusplus-0-exid0,10127-10132,fca,cflow
980,aflplusplus-0-exid0,10127-10135,fca,cflow
981,aflplusplus-0-exid0,10127-10138,fca,cflow
982,aflplusplus-0-exid0,10127-10142,fca,cflow
983,aflplusplus-0-exid0,10127-10147,fca,cflow
984,aflplusplus-0-exid0,10132-10138,fca,cflow
985,aflplusplus-0-exid1,10135-10142,fca,cflow
986,fairfuzz-0-exid0,10138-10147,fca,cflow
987,aflplusplus-0-exid0,10142-10147,fca,cflow
988,aflplusplus-0-exid0,10142-10153,fca,cflow
989,aflplusplus-0-exid0,10147-10127,fca,cflow
990,aflplusplus-0-exid0,10147-10157,fca,cflow
991,aflplusplus-0-exid1,10153-10168,fca,cflow
992,aflplusplus-0-exid1,10157-10222,fca,cflow
993,fairfuzz-0-exid1,10168-10222,fca,cflow
994,aflplusplus-0-exid0,1025-2468,fca,cflow
995,symcc-0-exid3,10270-10277,fca,cflow
996,aflplusplus-0-exid0,1028-1032,fca,cflow
997,aflplusplus-0-exid2,10286-10289,fca,cflow
998,mopt-0-exid2,10289-10298,fca,cflow
999,aflplusplus-0-exid0,10289-10306,fca,cflow
1000,aflplusplus-0-exid3,10289-10317,fca,cflow
1001,aflplusplus-0-exid0,10289-10320,fca,cflow
1002,symcc-0-exid0,10294-10320,fca,cflow
1003,aflplusplus-0-exid0,10298-10320,fca,cflow
1004,aflplusplus-0-exid3,10303-10325,fca,cflow
1005,aflplusplus-0-exid0,10306-10325,fca,cflow
1006,fairfuzz-0-exid3,10317-10320,fca,cflow
1007,aflplusplus-0-exid0,1032-1046,fca,cflow
1008,fairfuzz-0-exid0,10320-10289,fca,cflow
1009,aflplusplus-0-exid0,10331-10367,fca,cflow
1010,aflplusplus-0-exid0,10331-10500,fca,cflow
1011,aflplusplus-0-exid0,10345-10350,fca,cflow
1012,mopt-0-exid2,10350-10361,fca,cflow
1013,aflplusplus-0-exid0,10361-10508,fca,cflow
1014,mopt-0-exid0,10364-10503,fca,cflow
1015,fairfuzz-0-exid0,10364-10508,fca,cflow
1016,aflplusplus-0-exid0,10367-10508,fca,cflow
1017,symcc-0-exid1,10382-10396,fca,cflow
1018,aflplusplus-0-exid2,10391-10503,fca,cflow
1019,aflplusplus-0-exid0,10404-10404,fca,cflow
1020,aflplusplus-0-exid0,10415-10421,fca,cflow
1021,aflplusplus-0-exid1,10421-10503,fca,cflow
1022,aflplusplus-0-exid4,10438-10449,fca,cflow
1023,fairfuzz-0-exid4,10452-10459,fca,cflow
1024,aflplusplus-0-exid0,10459-10459,fca,cflow
1025,aflplusplus-0-exid1,10459-10503,fca,cflow
1026,aflplusplus-0-exid0,1046-2468,fca,cflow
1027,symcc-0-exid4,10475-10480,fca,cflow
1028,mopt-0-exid1,10480-10491,fca,cflow
1029,fairfuzz-0-exid4,1049-1053,fca,cflow
1030,fairfuzz-0-exid3,10491-10503,fca,cflow
1031,aflplusplus-0-exid0,10500-10503,fca,cflow
1032,aflplusplus-0-exid3,10525-10532,fca,cflow
1033,aflplusplus-0-exid0,1053-1067,fca,cflow
1034,aflplusplus-0-exid0,10542-10553,fca,cflow
1035,aflplusplus-0-exid1,10542-10559,fca,cflow
1036,aflplusplus-0-exid1,10542-10564,fca,cflow
1037,mopt-0-exid0,10542-10574,fca,cflow
1038,fairfuzz-0-exid1,10542-10616,fca,cflow
1039,aflplusplus-0-exid0,10553-10631,fca,cflow
1040,aflplusplus-0-exid0,10564-10631,fca,cflow
1041,symcc-0-exid3,10569-10634,fca,cflow
1042,fairfuzz-0-exid0,10616-10638,fca,cflow
1043,aflplusplus-0-exid0,10645-10688,fca,cflow
1044,fairfuzz-0-exid1,10652-10660,fca,cflow
1045,mopt-0-exid2,10660-10664,fca,cflow
1046,aflplusplus-0-exid0,10660-10688,fca,cflow
1047,aflplusplus-0-exid3,1067-2468,fca,cflow
1048,aflplusplus-0-exid4,10675-10688,fca,cflow
1049,mopt-0-exid1,10693-10700,fca,cflow
1050,aflplusplus-0-exid0,1070-1074,fca,cflow
1051,fairfuzz-0-exid1,10704-10715,fca,cflow
1052,symcc-0-exid0,10715-10723,fca,cflow
1053,symcc-0-exid4,10733-10741,fca,cflow
1054,aflplusplus-0-exid2,1074-1088,fca,cflow
1055,aflplusplus-0-exid0,10741-10754,fca,cflow
1056,aflplusplus-0-exid0,10754-10741,fca,cflow
1057,aflplusplus-0-exid0,10754-10760,fca,cflow
1058,fairfuzz-0-exid1,10763-10769,fca,cflow
1059,aflplusplus-0-exid3,10763-10793,fca,cflow
1060,fairfuzz-0-exid1,10773-10790,fca,cflow
1061,aflplusplus-0-exid4,10790-10793,fca,cflow
1062,symcc-0-exid2,10810-10904,fca,cflow
1063,mopt-0-exid4,10813-10815,fca,cflow
1064,aflplusplus-0-exid1,10815-10904,fca,cflow
1065,fairfuzz-0-exid0,10819-10904,fca,cflow
1066,aflplusplus-0-exid0,1088-2468,fca,cflow
1067,mopt-0-exid3,10901-10904,fca,cflow
1068,mopt-0-exid3,10904-10810,fca,cflow
1069,aflplusplus-0-exid3,10904-10911,fca,cflow
1070,aflplusplus-0-exid2,1091-1095,fca,cflow
1071,aflplusplus-0-exid1,10940-10949,fca,cflow
1072,symcc-0-exid1,10940-10953,fca,cflow
1073,fairfuzz-0-exid2,10949-10956,fca,cflow
1074,aflplusplus-0-exid0,1095-1109,fca,cflow
1075,aflplusplus-0-exid0,10953-10956,fca,cflow
1076,fairfuzz-0-exid0,10956-11116,fca,cflow
1077,fairfuzz-0-exid4,10963-10985,fca,cflow
1078,aflplusplus-0-exid0,10968-10975,fca,cflow
1079,aflplusplus-0-exid0,10971-10978,fca,cflow
1080,fairfuzz-0-exid4,10975-10993,fca,cflow
1081,symcc-0-exid4,10985-10989,fca,cflow
1082,aflplusplus-0-exid0,10985-10993,fca,cflow
1083,aflplusplus-0-exid0,10989-10993,fca,cflow
1084,aflplusplus-0-exid0,10993-11116,fca,cflow
1085,aflplusplus-0-exid1,10996-11004,fca,cflow
1086,fairfuzz-0-exid1,11004-11011,fca,cflow
1087,aflplusplus-0-exid1,11004-11017,fca,cflow
1088,fairfuzz-0-exid3,11011-11026,fca,cflow
1089,aflplusplus-0-exid0,11017-11004,fca,cflow
1090,aflplusplus-0-exid0,11017-11023,fca,cflow
1091,fairfuzz-0-exid0,11026-11033,fca,cflow
1092,aflplusplus-0-exid0,11033-11037,fca,cflow
1093,mopt-0-exid2,11033-11050,fca,cflow
1094,aflplusplus-0-exid0,11037-11045,fca,cflow
1095,aflplusplus-0-exid0,11037-11050,fca,cflow
1096,aflplusplus-0-exid0,11045-11076,fca,cflow
1097,aflplusplus-0-exid0,11050-11058,fca,cflow
1098,aflplusplus-0-exid3,11050-11064,fca,cflow
1099,aflplusplus-0-exid0,11058-11069,fca,cflow
1100,aflplusplus-0-exid1,11069-11076,fca,cflow
1101,aflplusplus-0-exid0,1109-2468,fca,cflow
1102,aflplusplus-0-exid1,1112-1116,fca,cflow
1103,symcc-0-exid1,11120-11127,fca,cflow
1104,aflplusplus-0-exid2,11138-11147,fca,cflow
1105,aflplusplus-0-exid0,11138-11301,fca,cflow
1106,aflplusplus-0-exid2,11147-11153,fca,cflow
1107,fairfuzz-0-exid2,11147-11183,fca,cflow
1108,aflplusplus-0-exid0,11147-11281,fca,cflow
1109,aflplusplus-0-exid0,11153-11162,fca,cflow
1110,aflplusplus-0-exid0,1116-1130,fca,cflow
1111,aflplusplus-0-exid0,11162-11167,fca,cflow
1112,aflplusplus-0-exid0,11167-11178,fca,cflow
1113,aflplusplus-0-exid0,11178-11301,fca,cflow
1114,aflplusplus-0-exid1,11183-11192,fca,cflow
1115,aflplusplus-0-exid0,11208-11220,fca,cflow
1116,aflplusplus-0-exid0,11220-11281,fca,cflow
1117,aflplusplus-0-exid2,11225-11229,fca,cflow
1118,aflplusplus-0-exid4,11225-11253,fca,cflow
1119,aflplusplus-0-exid0,11229-11234,fca,cflow
1120,aflplusplus-0-exid0,11234-11240,fca,cflow
1121,aflplusplus-0-exid0,11240-11247,fca,cflow
1122,aflplusplus-0-exid0,11247-11234,fca,cflow
1123,aflplusplus-0-exid2,11247-11295,fca,cflow
1124,aflplusplus-0-exid0,11253-11262,fca,cflow
1125,aflplusplus-0-exid0,11262-11267,fca,cflow
1126,aflplusplus-0-exid1,11267-11278,fca,cflow
1127,aflplusplus-0-exid2,11278-11295,fca,cflow
1128,aflplusplus-0-exid0,11281-11286,fca,cflow
1129,aflplusplus-0-exid1,11286-11301,fca,cflow
1130,symcc-0-exid2,11295-11147,fca,cflow
1131,fairfuzz-0-exid0,11295-11301,fca,cflow
1132,aflplusplus-0-exid0,1130-2468,fca,cflow
1133,symcc-0-exid0,11307-11314,fca,cflow
1134,symcc-0-exid3,11307-11326,fca,cflow
1135,mopt-0-exid0,11314-11341,fca,cflow
1136,aflplusplus-0-exid2,11326-11341,fca,cflow
1137,fairfuzz-0-exid3,1133-1137,fca,cflow
1138,mopt-0-exid0,1137-1151,fca,cflow
1139,symcc-0-exid2,11379-11418,fca,cflow
1140,fairfuzz-0-exid0,11392-11392,fca,cflow
1141,symcc-0-exid2,11392-11411,fca,cflow
1142,aflplusplus-0-exid0,11411-11388,fca,cflow
1143,aflplusplus-0-exid0,11485-11618,fca,cflow
1144,symcc-0-exid2,11498-11501,fca,cflow
1145,aflplusplus-0-exid0,11501-11553,fca,cflow
1146,aflplusplus-0-exid0,11506-11518,fca,cflow
1147,fairfuzz-0-exid2,1151-2468,fca,cflow
1148,fairfuzz-0-exid3,11515-11518,fca,cflow
1149,aflplusplus-0-exid1,11537-11550,fca,cflow
1150,aflplusplus-0-exid0,11550-11608,fca,cflow
1151,aflplusplus-0-exid1,11553-11561,fca,cflow
1152,aflplusplus-0-exid4,11561-11563,fca,cflow
1153,aflplusplus-0-exid0,11563-11568,fca,cflow
1154,mopt-0-exid2,11563-11572,fca,cflow
1155,fairfuzz-0-exid2,11563-11577,fca,cflow
1156,aflplusplus-0-exid1,11568-11577,fca,cflow
1157,aflplusplus-0-exid3,11572-11577,fca,cflow
1158,aflplusplus-0-exid2,11572-11583,fca,cflow
1159,aflplusplus-0-exid0,11577-11563,fca,cflow
1160,aflplusplus-0-exid0,11577-11583,fca,cflow
1161,aflplusplus-0-exid0,1158-1172,fca,cflow
1162,aflplusplus-0-exid2,11583-11592,fca,cflow
1163,aflplusplus-0-exid1,11592-11597,fca,cflow
1164,aflplusplus-0-exid1,11597-11608,fca,cflow
1165,symcc-0-exid3,11612-11501,fca,cflow
1166,aflplusplus-0-exid0,11612-11618,fca,cflow
1167,fairfuzz-0-exid0,11618-11633,fca,cflow
1168,aflplusplus-0-exid2,11638-11645,fca,cflow
1169,aflplusplus-0-exid3,11638-11716,fca,cflow
1170,aflplusplus-0-exid0,11645-11650,fca,cflow
1171,aflplusplus-0-exid1,11645-11653,fca,cflow
1172,aflplusplus-0-exid4,11653-11661,fca,cflow
1173,fairfuzz-0-exid1,11661-11666,fca,cflow
1174,aflplusplus-0-exid0,11666-11677,fca,cflow
1175,aflplusplus-0-exid2,11677-11682,fca,cflow
1176,aflplusplus-0-exid3,11677-11710,fca,cflow
1177,aflplusplus-0-exid0,11677-11714,fca,cflow
1178,aflplusplus-0-exid0,11677-11716,fca,cflow
1179,aflplusplus-0-exid0,11682-11691,fca,cflow
1180,aflplusplus-0-exid1,11691-11696,fca,cflow
1181,aflplusplus-0-exid4,11696-11707,fca,cflow
1182,aflplusplus-0-exid3,11707-11714,fca,cflow
1183,fairfuzz-0-exid1,11710-11714,fca,cflow
1184,symcc-0-exid3,11714-11716,fca,cflow
1185,aflplusplus-0-exid1,1172-2468,fca,cflow
1186,aflplusplus-0-exid2,11721-11730,fca,cflow
1187,fairfuzz-0-exid2,11721-11748,fca,cflow
1188,aflplusplus-0-exid0,11730-11737,fca,cflow
1189,aflplusplus-0-exid0,11730-11742,fca,cflow
1190,aflplusplus-0-exid0,11737-11742,fca,cflow
1191,aflplusplus-0-exid0,11737-11753,fca,cflow
1192,aflplusplus-0-exid0,11742-11730,fca,cflow
1193,aflplusplus-0-exid0,11742-11748,fca,cflow
1194,mopt-0-exid4,11748-11753,fca,cflow
1195,symcc-0-exid1,11753-11781,fca,cflow
1196,mopt-0-exid1,1193-2468,fca,cflow
1197,aflplusplus-0-exid0,1196-1200,fca,cflow
1198,aflplusplus-0-exid2,1200-1214,fca,cflow
1199,aflplusplus-0-exid1,1214-2468,fca,cflow
1200,aflplusplus-0-exid3,1217-1221,fca,cflow
1201,aflplusplus-0-exid3,1221-1235,fca,cflow
1202,symcc-0-exid0,12330-12389,fca,cflow
1203,fairfuzz-0-exid0,1235-2468,fca,cflow
1204,aflplusplus-0-exid0,1238-1242,fca,cflow
1205,aflplusplus-0-exid0,1242-1256,fca,cflow
1206,aflplusplus-0-exid1,12466-12475,fca,cflow
1207,aflplusplus-0-exid0,12471-12475,fca,cflow
1208,aflplusplus-0-exid1,12475-12485,fca,cflow
1209,aflplusplus-0-exid2,12485-12500,fca,cflow
1210,mopt-0-exid2,125-168,fca,cflow
1211,symcc-0-exid1,12518-12521,fca,cflow
1212,fairfuzz-0-exid1,12521-12531,fca,cflow
1213,mopt-0-exid1,12531-12538,fca,cflow
1214,aflplusplus-0-exid0,12538-12543,fca,cflow
1215,aflplusplus-0-exid1,12543-12548,fca,cflow
1216,aflplusplus-0-exid3,12548-12552,fca,cflow
1217,aflplusplus-0-exid0,12558-12566,fca,cflow
1218,aflplusplus-0-exid1,1256-2468,fca,cflow
1219,aflplusplus-0-exid0,12566-12575,fca,cflow
1220,mopt-0-exid4,1259-1263,fca,cflow
1221,symcc-0-exid3,12617-12619,fca,cflow
1222,aflplusplus-0-exid0,12617-12675,fca,cflow
1223,aflplusplus-0-exid3,12619-12626,fca,cflow
1224,symcc-0-exid4,12619-12632,fca,cflow
1225,aflplusplus-0-exid0,12626-12632,fca,cflow
1226,aflplusplus-0-exid2,1263-1277,fca,cflow
1227,mopt-0-exid0,12638-12675,fca,cflow
1228,symcc-0-exid4,12647-12660,fca,cflow
1229,aflplusplus-0-exid3,12712-12721,fca,cflow
1230,fairfuzz-0-exid2,12725-12734,fca,cflow
1231,symcc-0-exid2,12734-12740,fca,cflow
1232,symcc-0-exid1,12734-12857,fca,cflow
1233,aflplusplus-0-exid4,12740-12789,fca,cflow
1234,aflplusplus-0-exid4,1277-2468,fca,cflow
1235,aflplusplus-0-exid1,12789-12799,fca,cflow
1236,mopt-0-exid0,12799-12806,fca,cflow
1237,aflplusplus-0-exid2,1280-1284,fca,cflow
1238,aflplusplus-0-exid0,12806-12799,fca,cflow
1239,fairfuzz-0-exid0,12806-12812,fca,cflow
1240,mopt-0-exid1,12812-12830,fca,cflow
1241,aflplusplus-0-exid1,12830-12837,fca,cflow
1242,aflplusplus-0-exid0,12830-12901,fca,cflow
1243,fairfuzz-0-exid0,12837-12847,fca,cflow
1244,aflplusplus-0-exid0,1284-1298,fca,cflow
1245,aflplusplus-0-exid3,12847-12901,fca,cflow
1246,fairfuzz-0-exid3,12865-12872,fca,cflow
1247,aflplusplus-0-exid0,12872-12865,fca,cflow
1248,mopt-0-exid4,12878-12893,fca,cflow
1249,aflplusplus-0-exid3,12893-12898,fca,cflow
1250,fairfuzz-0-exid1,12893-12901,fca,cflow
1251,aflplusplus-0-exid2,12898-12901,fca,cflow
1252,aflplusplus-0-exid4,12906-12918,fca,cflow
1253,mopt-0-exid4,12906-12989,fca,cflow
1254,mopt-0-exid0,12918-12931,fca,cflow
1255,aflplusplus-0-exid0,12938-12931,fca,cflow
1256,aflplusplus-0-exid1,12944-12962,fca,cflow
1257,aflplusplus-0-exid3,12962-12969,fca,cflow
1258,aflplusplus-0-exid0,12962-12989,fca,cflow
1259,symcc-0-exid0,12969-12979,fca,cflow
1260,aflplusplus-0-exid0,1298-2468,fca,cflow
1261,aflplusplus-0-exid1,12995-13007,fca,cflow
1262,aflplusplus-0-exid1,13007-13019,fca,cflow
1263,aflplusplus-0-exid4,1301-1305,fca,cflow
1264,aflplusplus-0-exid3,13019-13026,fca,cflow
1265,aflplusplus-0-exid0,13026-13019,fca,cflow
1266,aflplusplus-0-exid0,13026-13032,fca,cflow
1267,aflplusplus-0-exid0,13032-13047,fca,cflow
1268,aflplusplus-0-exid0,13047-13050,fca,cflow
1269,fairfuzz-0-exid3,1305-1319,fca,cflow
1270,fairfuzz-0-exid3,13145-13126,fca,cflow
1271,aflplusplus-0-exid1,13156-13168,fca,cflow
1272,aflplusplus-0-exid0,13156-13181,fca,cflow
1273,mopt-0-exid0,13168-13181,fca,cflow
1274,mopt-0-exid3,1319-2468,fca,cflow
1275,mopt-0-exid2,13198-13202,fca,cflow
1276,fairfuzz-0-exid0,13202-13209,fca,cflow
1277,mopt-0-exid1,13209-13212,fca,cflow
1278,fairfuzz-0-exid2,13212-13212,fca,cflow
1279,fairfuzz-0-exid1,13212-13231,fca,cflow
1280,aflplusplus-0-exid1,1322-1326,fca,cflow
1281,fairfuzz-0-exid4,13243-13256,fca,cflow
1282,aflplusplus-0-exid0,1326-1340,fca,cflow
1283,aflplusplus-0-exid0,13262-13347,fca,cflow
1284,fairfuzz-0-exid1,13268-13347,fca,cflow
1285,mopt-0-exid0,13274-13280,fca,cflow
1286,fairfuzz-0-exid4,13274-13347,fca,cflow
1287,aflplusplus-0-exid2,13280-13289,fca,cflow
1288,fairfuzz-0-exid3,13289-13296,fca,cflow
1289,aflplusplus-0-exid0,13296-13289,fca,cflow
1290,fairfuzz-0-exid4,13296-13302,fca,cflow
1291,fairfuzz-0-exid2,13302-13320,fca,cflow
1292,mopt-0-exid2,13327-13337,fca,cflow
1293,aflplusplus-0-exid1,13366-13404,fca,cflow
1294,aflplusplus-0-exid0,13383-13398,fca,cflow
1295,fairfuzz-0-exid4,13388-13398,fca,cflow
1296,fairfuzz-0-exid2,13393-13398,fca,cflow
1297,symcc-0-exid2,13398-13372,fca,cflow
1298,aflplusplus-0-exid0,1340-2468,fca,cflow
1299,aflplusplus-0-exid0,1343-1347,fca,cflow
1300,aflplusplus-0-exid2,1347-1361,fca,cflow
1301,aflplusplus-0-exid0,1361-2468,fca,cflow
1302,aflplusplus-0-exid4,1364-1368,fca,cflow
1303,mopt-0-exid1,1382-2468,fca,cflow
1304,aflplusplus-0-exid1,1385-1389,fca,cflow
1305,aflplusplus-0-exid1,1389-1403,fca,cflow
1306,mopt-0-exid0,139-147,fca,cflow
1307,aflplusplus-0-exid0,1403-2468,fca,cflow
1308,aflplusplus-0-exid0,1406-1410,fca,cflow
1309,aflplusplus-0-exid2,1410-2468,fca,cflow
1310,aflplusplus-0-exid4,1428-1442,fca,cflow
1311,aflplusplus-0-exid4,1445-1449,fca,cflow
1312,symcc-0-exid3,1449-1463,fca,cflow
1313,aflplusplus-0-exid0,1463-1474,fca,cflow
1314,aflplusplus-0-exid1,1474-1478,fca,cflow
1315,aflplusplus-0-exid2,1478-1496,fca,cflow
1316,symcc-0-exid1,1529-1543,fca,cflow
1317,aflplusplus-0-exid0,1543-1569,fca,cflow
1318,aflplusplus-0-exid1,1569-1573,fca,cflow
1319,aflplusplus-0-exid0,1610-1614,fca,cflow
1320,aflplusplus-0-exid2,1614-1628,fca,cflow
1321,aflplusplus-0-exid0,1628-1639,fca,cflow
1322,aflplusplus-0-exid0,1628-1643,fca,cflow
1323,aflplusplus-0-exid0,1639-1643,fca,cflow
1324,aflplusplus-0-exid2,1643-1661,fca,cflow
1325,aflplusplus-0-exid2,1661-2468,fca,cflow
1326,symcc-0-exid2,1684-1698,fca,cflow
1327,aflplusplus-0-exid2,1719-1723,fca,cflow
1328,aflplusplus-0-exid1,1723-1737,fca,cflow
1329,aflplusplus-0-exid0,1737-341,fca,cflow
1330,aflplusplus-0-exid3,1749-341,fca,cflow
1331,aflplusplus-0-exid0,1763-1767,fca,cflow
1332,aflplusplus-0-exid2,1767-1781,fca,cflow
1333,aflplusplus-0-exid0,1781-341,fca,cflow
1334,aflplusplus-0-exid2,1807-1811,fca,cflow
1335,aflplusplus-0-exid0,1811-341,fca,cflow
1336,aflplusplus-0-exid0,1825-1829,fca,cflow
1337,aflplusplus-0-exid2,1829-1843,fca,cflow
1338,aflplusplus-0-exid0,1843-341,fca,cflow
1339,aflplusplus-0-exid1,1848-1852,fca,cflow
1340,aflplusplus-0-exid0,1852-1866,fca,cflow
1341,aflplusplus-0-exid0,1866-341,fca,cflow
1342,symcc-0-exid3,191-212,fca,cflow
1343,mopt-0-exid3,2-69,fca,cflow
1344,aflplusplus-0-exid0,2010-2015,fca,cflow
1345,aflplusplus-0-exid1,2015-2028,fca,cflow
1346,aflplusplus-0-exid1,2028-341,fca,cflow
1347,fairfuzz-0-exid4,203-212,fca,cflow
1348,symcc-0-exid0,2044-2058,fca,cflow
1349,aflplusplus-0-exid2,2058-2067,fca,cflow
1350,aflplusplus-0-exid0,2067-2172,fca,cflow
1351,aflplusplus-0-exid3,2089-2097,fca,cflow
1352,aflplusplus-0-exid0,2089-2102,fca,cflow
1353,aflplusplus-0-exid1,2097-2102,fca,cflow
1354,symcc-0-exid2,2102-2111,fca,cflow
1355,aflplusplus-0-exid0,2102-2115,fca,cflow
1356,aflplusplus-0-exid0,2111-2115,fca,cflow
1357,aflplusplus-0-exid0,2115-2129,fca,cflow
1358,aflplusplus-0-exid3,2115-2158,fca,cflow
1359,mopt-0-exid1,2129-2137,fca,cflow
1360,aflplusplus-0-exid0,2129-2144,fca,cflow
1361,aflplusplus-0-exid2,2137-2144,fca,cflow
1362,aflplusplus-0-exid2,2144-2158,fca,cflow
1363,aflplusplus-0-exid0,2158-2089,fca,cflow
1364,aflplusplus-0-exid4,2158-2169,fca,cflow
1365,fairfuzz-0-exid4,2169-2172,fca,cflow
1366,aflplusplus-0-exid0,2172-2184,fca,cflow
1367,aflplusplus-0-exid0,2172-2188,fca,cflow
1368,aflplusplus-0-exid2,2184-2188,fca,cflow
1369,fairfuzz-0-exid3,2188-2201,fca,cflow
1370,aflplusplus-0-exid1,2188-2217,fca,cflow
1371,aflplusplus-0-exid0,2201-2201,fca,cflow
1372,aflplusplus-0-exid1,2201-2217,fca,cflow
1373,mopt-0-exid4,2217-2229,fca,cflow
1374,aflplusplus-0-exid0,2217-2367,fca,cflow
1375,aflplusplus-0-exid4,2229-91,fca,cflow
1376,mopt-0-exid1,2237-2346,fca,cflow
1377,aflplusplus-0-exid0,2240-2266,fca,cflow
1378,aflplusplus-0-exid1,2266-2274,fca,cflow
1379,aflplusplus-0-exid4,2266-2279,fca,cflow
1380,aflplusplus-0-exid0,2274-2279,fca,cflow
1381,fairfuzz-0-exid0,2279-2288,fca,cflow
1382,aflplusplus-0-exid1,2279-2292,fca,cflow
1383,aflplusplus-0-exid1,2288-2292,fca,cflow
1384,fairfuzz-0-exid3,2292-2306,fca,cflow
1385,aflplusplus-0-exid0,2292-2335,fca,cflow
1386,aflplusplus-0-exid1,2306-2314,fca,cflow
1387,aflplusplus-0-exid0,2306-2321,fca,cflow
1388,aflplusplus-0-exid0,2314-2321,fca,cflow
1389,aflplusplus-0-exid4,2321-2335,fca,cflow
1390,fairfuzz-0-exid3,2335-2266,fca,cflow
1391,aflplusplus-0-exid0,2335-88,fca,cflow
1392,mopt-0-exid1,2346-2372,fca,cflow
1393,fairfuzz-0-exid1,2367-185,fca,cflow
1394,aflplusplus-0-exid0,2372-2385,fca,cflow
1395,aflplusplus-0-exid4,2380-2385,fca,cflow
1396,aflplusplus-0-exid1,2385-2394,fca,cflow
1397,aflplusplus-0-exid1,2385-2398,fca,cflow
1398,aflplusplus-0-exid0,2394-2398,fca,cflow
1399,fairfuzz-0-exid3,2398-2412,fca,cflow
1400,fairfuzz-0-exid1,2398-2441,fca,cflow
1401,aflplusplus-0-exid1,2412-2420,fca,cflow
1402,aflplusplus-0-exid0,2412-2427,fca,cflow
1403,fairfuzz-0-exid1,2420-2427,fca,cflow
1404,aflplusplus-0-exid3,2427-2441,fca,cflow
1405,fairfuzz-0-exid1,2441-2372,fca,cflow
1406,fairfuzz-0-exid2,2441-290,fca,cflow
1407,symcc-0-exid1,25-29,fca,cflow
1408,aflplusplus-0-exid2,25190-25197,fca,cflow
1409,mopt-0-exid2,2526-2538,fca,cflow
1410,fairfuzz-0-exid2,25615-25624,fca,cflow
1411,symcc-0-exid2,25644-25991,fca,cflow
1412,fairfuzz-0-exid0,26030-26035,fca,cflow
1413,mopt-0-exid4,26084-26087,fca,cflow
1414,aflplusplus-0-exid1,26121-26130,fca,cflow
1415,symcc-0-exid4,2636-2645,fca,cflow
1416,fairfuzz-0-exid1,26456-26456,fca,cflow
1417,fairfuzz-0-exid4,26508-26518,fca,cflow
1418,symcc-0-exid1,26518-26523,fca,cflow
1419,aflplusplus-0-exid3,2667-2675,fca,cflow
1420,aflplusplus-0-exid2,2675-2683,fca,cflow
1421,aflplusplus-0-exid0,2683-2675,fca,cflow
1422,aflplusplus-0-exid0,2683-2692,fca,cflow
1423,aflplusplus-0-exid2,2692-2696,fca,cflow
1424,aflplusplus-0-exid0,2692-2701,fca,cflow
1425,aflplusplus-0-exid0,2696-2701,fca,cflow
1426,fairfuzz-0-exid4,2701-2713,fca,cflow
1427,aflplusplus-0-exid0,2701-2836,fca,cflow
1428,aflplusplus-0-exid1,2713-2717,fca,cflow
1429,aflplusplus-0-exid0,2717-2726,fca,cflow
1430,fairfuzz-0-exid0,2717-2733,fca,cflow
1431,aflplusplus-0-exid0,2726-2717,fca,cflow
1432,aflplusplus-0-exid1,2726-2833,fca,cflow
1433,aflplusplus-0-exid0,2733-2738,fca,cflow
1434,aflplusplus-0-exid2,2733-2836,fca,cflow
1435,fairfuzz-0-exid2,2738-2744,fca,cflow
1436,aflplusplus-0-exid3,2744-2751,fca,cflow
1437,aflplusplus-0-exid1,2744-2755,fca,cflow
1438,aflplusplus-0-exid1,2751-2744,fca,cflow
1439,fairfuzz-0-exid1,27540-27552,fca,cflow
1440,aflplusplus-0-exid0,2755-2776,fca,cflow
1441,aflplusplus-0-exid0,2755-2780,fca,cflow
1442,aflplusplus-0-exid0,2776-2780,fca,cflow
1443,aflplusplus-0-exid0,2780-2793,fca,cflow
1444,fairfuzz-0-exid1,2780-2797,fca,cflow
1445,aflplusplus-0-exid1,2793-2797,fca,cflow
1446,fairfuzz-0-exid0,27963-27973,fca,cflow
1447,aflplusplus-0-exid2,2797-2814,fca,cflow
1448,aflplusplus-0-exid2,27973-27985,fca,cflow
1449,aflplusplus-0-exid0,280-1007,fca,cflow
1450,aflplusplus-0-exid1,280-1028,fca,cflow
1451,aflplusplus-0-exid0,280-1049,fca,cflow
1452,aflplusplus-0-exid0,280-1070,fca,cflow
1453,aflplusplus-0-exid0,280-1091,fca,cflow
1454,aflplusplus-0-exid0,280-1112,fca,cflow
1455,aflplusplus-0-exid0,280-1154,fca,cflow
1456,aflplusplus-0-exid3,280-1217,fca,cflow
1457,aflplusplus-0-exid0,280-1238,fca,cflow
1458,aflplusplus-0-exid3,280-1259,fca,cflow
1459,aflplusplus-0-exid0,280-1280,fca,cflow
1460,fairfuzz-0-exid3,280-1301,fca,cflow
1461,aflplusplus-0-exid3,280-1322,fca,cflow
1462,aflplusplus-0-exid0,280-1343,fca,cflow
1463,aflplusplus-0-exid1,280-1385,fca,cflow
1464,aflplusplus-0-exid0,280-1406,fca,cflow
1465,aflplusplus-0-exid2,280-1445,fca,cflow
1466,aflplusplus-0-exid0,280-1515,fca,cflow
1467,fairfuzz-0-exid0,280-1610,fca,cflow
1468,aflplusplus-0-exid1,280-1719,fca,cflow
1469,aflplusplus-0-exid0,280-1763,fca,cflow
1470,aflplusplus-0-exid0,280-1807,fca,cflow
1471,aflplusplus-0-exid0,280-1825,fca,cflow
1472,aflplusplus-0-exid1,280-1848,fca,cflow
1473,aflplusplus-0-exid0,280-2010,fca,cflow
1474,aflplusplus-0-exid4,280-293,fca,cflow
1475,aflplusplus-0-exid0,280-337,fca,cflow
1476,fairfuzz-0-exid1,280-357,fca,cflow
1477,mopt-0-exid3,280-380,fca,cflow
1478,fairfuzz-0-exid0,280-398,fca,cflow
1479,mopt-0-exid1,280-421,fca,cflow
1480,mopt-0-exid0,280-442,fca,cflow
1481,aflplusplus-0-exid0,280-463,fca,cflow
1482,aflplusplus-0-exid1,280-487,fca,cflow
1483,aflplusplus-0-exid1,280-510,fca,cflow
1484,aflplusplus-0-exid2,280-533,fca,cflow
1485,aflplusplus-0-exid1,280-575,fca,cflow
1486,mopt-0-exid2,280-593,fca,cflow
1487,mopt-0-exid2,280-611,fca,cflow
1488,aflplusplus-0-exid1,280-650,fca,cflow
1489,aflplusplus-0-exid0,280-671,fca,cflow
1490,aflplusplus-0-exid3,280-713,fca,cflow
1491,fairfuzz-0-exid1,280-734,fca,cflow
1492,aflplusplus-0-exid1,280-755,fca,cflow
1493,aflplusplus-0-exid3,280-776,fca,cflow
1494,aflplusplus-0-exid0,280-797,fca,cflow
1495,aflplusplus-0-exid0,280-818,fca,cflow
1496,aflplusplus-0-exid0,280-839,fca,cflow
1497,aflplusplus-0-exid1,280-881,fca,cflow
1498,aflplusplus-0-exid0,280-902,fca,cflow
1499,aflplusplus-0-exid3,280-923,fca,cflow
1500,aflplusplus-0-exid0,280-944,fca,cflow
1501,aflplusplus-0-exid0,280-965,fca,cflow
1502,aflplusplus-0-exid1,280-986,fca,cflow
1503,aflplusplus-0-exid0,2814-2836,fca,cflow
1504,fairfuzz-0-exid3,28323-28315,fca,cflow
1505,aflplusplus-0-exid0,2833-2836,fca,cflow
1506,aflplusplus-0-exid0,28345-28362,fca,cflow
1507,aflplusplus-0-exid2,2836-2847,fca,cflow
1508,fairfuzz-0-exid3,2851-2874,fca,cflow
1509,symcc-0-exid4,28553-28560,fca,cflow
1510,fairfuzz-0-exid3,28566-28569,fca,cflow
1511,aflplusplus-0-exid1,28648-28662,fca,cflow
1512,aflplusplus-0-exid4,28653-28675,fca,cflow
1513,aflplusplus-0-exid0,28662-28669,fca,cflow
1514,aflplusplus-0-exid0,28669-28675,fca,cflow
1515,aflplusplus-0-exid0,2874-2885,fca,cflow
1516,fairfuzz-0-exid2,28751-28783,fca,cflow
1517,mopt-0-exid1,28769-28774,fca,cflow
1518,fairfuzz-0-exid1,28774-28783,fca,cflow
1519,fairfuzz-0-exid4,28783-28787,fca,cflow
1520,symcc-0-exid2,28787-28792,fca,cflow
1521,aflplusplus-0-exid2,28792-28796,fca,cflow
1522,fairfuzz-0-exid4,28796-29001,fca,cflow
1523,aflplusplus-0-exid0,2885-2889,fca,cflow
1524,aflplusplus-0-exid3,28885-28893,fca,cflow
1525,aflplusplus-0-exid0,2889-2902,fca,cflow
1526,mopt-0-exid1,28893-28896,fca,cflow
1527,aflplusplus-0-exid0,28896-28904,fca,cflow
1528,aflplusplus-0-exid1,28904-28910,fca,cflow
1529,aflplusplus-0-exid0,28904-28939,fca,cflow
1530,aflplusplus-0-exid0,28910-28917,fca,cflow
1531,aflplusplus-0-exid1,28917-28926,fca,cflow
1532,aflplusplus-0-exid0,28926-28910,fca,cflow
1533,aflplusplus-0-exid0,28926-28939,fca,cflow
1534,aflplusplus-0-exid2,29-33,fca,cflow
1535,fairfuzz-0-exid2,290-2367,fca,cflow
1536,aflplusplus-0-exid1,2902-2906,fca,cflow
1537,aflplusplus-0-exid0,293-297,fca,cflow
1538,aflplusplus-0-exid0,297-311,fca,cflow
1539,aflplusplus-0-exid0,29852-29859,fca,cflow
1540,fairfuzz-0-exid0,29859-29872,fca,cflow
1541,mopt-0-exid2,2992-3001,fca,cflow
1542,aflplusplus-0-exid1,3001-3012,fca,cflow
1543,aflplusplus-0-exid2,3001-3121,fca,cflow
1544,mopt-0-exid4,30056-30064,fca,cflow
1545,aflplusplus-0-exid0,3012-3023,fca,cflow
1546,aflplusplus-0-exid0,3012-3121,fca,cflow
1547,fairfuzz-0-exid4,30129-30136,fca,cflow
1548,mopt-0-exid3,30200-30216,fca,cflow
1549,fairfuzz-0-exid1,30216-30224,fca,cflow
1550,aflplusplus-0-exid3,3023-3034,fca,cflow
1551,aflplusplus-0-exid3,3023-3095,fca,cflow
1552,aflplusplus-0-exid0,3034-3037,fca,cflow
1553,aflplusplus-0-exid0,3037-3037,fca,cflow
1554,aflplusplus-0-exid0,3037-3095,fca,cflow
1555,aflplusplus-0-exid3,3095-3099,fca,cflow
1556,aflplusplus-0-exid0,3095-3118,fca,cflow
1557,aflplusplus-0-exid0,3099-3099,fca,cflow
1558,fairfuzz-0-exid0,3099-3118,fca,cflow
1559,aflplusplus-0-exid0,311-341,fca,cflow
1560,aflplusplus-0-exid1,3118-3121,fca,cflow
1561,aflplusplus-0-exid0,3118-3246,fca,cflow
1562,fairfuzz-0-exid2,3121-3134,fca,cflow
1563,aflplusplus-0-exid0,3121-3153,fca,cflow
1564,aflplusplus-0-exid3,3134-3134,fca,cflow
1565,mopt-0-exid2,3134-3153,fca,cflow
1566,aflplusplus-0-exid2,3153-3159,fca,cflow
1567,aflplusplus-0-exid1,3153-3246,fca,cflow
1568,aflplusplus-0-exid2,3159-3159,fca,cflow
1569,aflplusplus-0-exid0,3159-3246,fca,cflow
1570,fairfuzz-0-exid2,316-320,fca,cflow
1571,fairfuzz-0-exid1,320-334,fca,cflow
1572,aflplusplus-0-exid0,32012-32049,fca,cflow
1573,aflplusplus-0-exid0,32049-32065,fca,cflow
1574,aflplusplus-0-exid0,32065-32070,fca,cflow
1575,aflplusplus-0-exid2,32070-32080,fca,cflow
1576,aflplusplus-0-exid0,32080-32107,fca,cflow
1577,aflplusplus-0-exid4,32107-32115,fca,cflow
1578,aflplusplus-0-exid3,32107-32141,fca,cflow
1579,aflplusplus-0-exid1,32115-32136,fca,cflow
1580,aflplusplus-0-exid0,32136-32141,fca,cflow
1581,fairfuzz-0-exid1,3246-3249,fca,cflow
1582,aflplusplus-0-exid0,3260-3269,fca,cflow
1583,aflplusplus-0-exid4,3269-3285,fca,cflow
1584,aflplusplus-0-exid1,3285-3305,fca,cflow
1585,aflplusplus-0-exid1,3305-3321,fca,cflow
1586,fairfuzz-0-exid0,337-343,fca,cflow
1587,fairfuzz-0-exid2,3423-3433,fca,cflow
1588,aflplusplus-0-exid0,343-341,fca,cflow
1589,aflplusplus-0-exid1,3433-3449,fca,cflow
1590,aflplusplus-0-exid3,3523-3527,fca,cflow
1591,mopt-0-exid4,3527-3535,fca,cflow
1592,symcc-0-exid0,3556-3562,fca,cflow
1593,fairfuzz-0-exid4,357-361,fca,cflow
1594,symcc-0-exid4,3605-3610,fca,cflow
1595,aflplusplus-0-exid3,361-375,fca,cflow
1596,aflplusplus-0-exid0,3633-3646,fca,cflow
1597,fairfuzz-0-exid3,375-341,fca,cflow
1598,aflplusplus-0-exid1,380-384,fca,cflow
1599,fairfuzz-0-exid0,384-341,fca,cflow
1600,fairfuzz-0-exid4,398-402,fca,cflow
1601,mopt-0-exid1,416-341,fca,cflow
1602,symcc-0-exid0,425-439,fca,cflow
1603,mopt-0-exid0,439-341,fca,cflow
1604,aflplusplus-0-exid0,442-446,fca,cflow
1605,fairfuzz-0-exid0,446-460,fca,cflow
1606,aflplusplus-0-exid0,460-341,fca,cflow
1607,aflplusplus-0-exid2,463-467,fca,cflow
1608,aflplusplus-0-exid2,467-481,fca,cflow
1609,fairfuzz-0-exid3,481-341,fca,cflow
1610,fairfuzz-0-exid1,487-491,fca,cflow
1611,mopt-0-exid3,4956-4968,fca,cflow
1612,mopt-0-exid4,4986-4996,fca,cflow
1613,aflplusplus-0-exid3,5-10,fca,cflow
1614,mopt-0-exid1,505-341,fca,cflow
1615,aflplusplus-0-exid0,510-514,fca,cflow
1616,aflplusplus-0-exid0,514-528,fca,cflow
1617,aflplusplus-0-exid3,528-341,fca,cflow
1618,aflplusplus-0-exid0,533-537,fca,cflow
1619,aflplusplus-0-exid1,537-551,fca,cflow
1620,aflplusplus-0-exid2,5403-5607,fca,cflow
1621,symcc-0-exid2,5422-5425,fca,cflow
1622,fairfuzz-0-exid4,5425-5440,fca,cflow
1623,aflplusplus-0-exid0,5453-5466,fca,cflow
1624,aflplusplus-0-exid1,5466-5483,fca,cflow
1625,aflplusplus-0-exid2,5466-5567,fca,cflow
1626,fairfuzz-0-exid1,5483-5493,fca,cflow
1627,aflplusplus-0-exid0,5483-5540,fca,cflow
1628,aflplusplus-0-exid0,5493-5496,fca,cflow
1629,fairfuzz-0-exid1,5496-5496,fca,cflow
1630,aflplusplus-0-exid1,5496-5540,fca,cflow
1631,aflplusplus-0-exid0,551-341,fca,cflow
1632,aflplusplus-0-exid1,5540-5544,fca,cflow
1633,aflplusplus-0-exid4,5540-5564,fca,cflow
1634,aflplusplus-0-exid0,5544-5564,fca,cflow
1635,aflplusplus-0-exid0,5564-5567,fca,cflow
1636,aflplusplus-0-exid2,5564-5586,fca,cflow
1637,symcc-0-exid4,5567-5571,fca,cflow
1638,fairfuzz-0-exid4,557-561,fca,cflow
1639,aflplusplus-0-exid0,5571-5571,fca,cflow
1640,aflplusplus-0-exid4,561-341,fca,cflow
1641,fairfuzz-0-exid3,5612-5623,fca,cflow
1642,aflplusplus-0-exid3,5612-5627,fca,cflow
1643,aflplusplus-0-exid2,5640-5645,fca,cflow
1644,aflplusplus-0-exid0,5645-5669,fca,cflow
1645,aflplusplus-0-exid0,5650-5655,fca,cflow
1646,aflplusplus-0-exid1,5655-5659,fca,cflow
1647,aflplusplus-0-exid3,5659-5669,fca,cflow
1648,mopt-0-exid2,5683-5690,fca,cflow
1649,aflplusplus-0-exid0,575-579,fca,cflow
1650,aflplusplus-0-exid0,579-2468,fca,cflow
1651,aflplusplus-0-exid0,5831-5846,fca,cflow
1652,fairfuzz-0-exid1,5851-5856,fca,cflow
1653,aflplusplus-0-exid0,5861-5872,fca,cflow
1654,aflplusplus-0-exid0,5861-5878,fca,cflow
1655,aflplusplus-0-exid0,5872-5884,fca,cflow
1656,aflplusplus-0-exid0,5878-5884,fca,cflow
1657,aflplusplus-0-exid0,5884-5902,fca,cflow
1658,mopt-0-exid0,5910-5917,fca,cflow
1659,aflplusplus-0-exid0,5917-5990,fca,cflow
1660,fairfuzz-0-exid0,5941-5953,fca,cflow
1661,mopt-0-exid4,5941-5958,fca,cflow
1662,aflplusplus-0-exid0,5953-5962,fca,cflow
1663,mopt-0-exid4,5962-5977,fca,cflow
1664,mopt-0-exid3,597-2468,fca,cflow
1665,aflplusplus-0-exid3,5981-5930,fca,cflow
1666,aflplusplus-0-exid1,5985-5990,fca,cflow
1667,aflplusplus-0-exid0,6009-6028,fca,cflow
1668,aflplusplus-0-exid0,6015-6028,fca,cflow
1669,mopt-0-exid2,6033-6038,fca,cflow
1670,fairfuzz-0-exid0,6038-6045,fca,cflow
1671,aflplusplus-0-exid4,6045-6045,fca,cflow
1672,aflplusplus-0-exid0,6045-6056,fca,cflow
1673,aflplusplus-0-exid1,6074-6078,fca,cflow
1674,aflplusplus-0-exid0,6078-6084,fca,cflow
1675,aflplusplus-0-exid0,6084-6137,fca,cflow
1676,mopt-0-exid1,611-615,fca,cflow
1677,mopt-0-exid3,6110-6129,fca,cflow
1678,fairfuzz-0-exid1,6119-6124,fca,cflow
1679,aflplusplus-0-exid0,6124-6129,fca,cflow
1680,mopt-0-exid4,615-2468,fca,cflow
1681,fairfuzz-0-exid3,6259-6262,fca,cflow
1682,fairfuzz-0-exid4,629-633,fca,cflow
1683,symcc-0-exid1,6323-6332,fca,cflow
1684,aflplusplus-0-exid1,650-654,fca,cflow
1685,aflplusplus-0-exid0,654-668,fca,cflow
1686,aflplusplus-0-exid0,668-2468,fca,cflow
1687,aflplusplus-0-exid2,671-675,fca,cflow
1688,aflplusplus-0-exid1,675-689,fca,cflow
1689,aflplusplus-0-exid2,689-2468,fca,cflow
1690,symcc-0-exid3,696-710,fca,cflow
1691,aflplusplus-0-exid0,713-717,fca,cflow
1692,aflplusplus-0-exid0,717-731,fca,cflow
1693,aflplusplus-0-exid0,731-2468,fca,cflow
1694,aflplusplus-0-exid4,734-738,fca,cflow
1695,aflplusplus-0-exid3,7350-7358,fca,cflow
1696,aflplusplus-0-exid0,7361-7361,fca,cflow
1697,aflplusplus-0-exid0,738-752,fca,cflow
1698,fairfuzz-0-exid0,752-2468,fca,cflow
1699,aflplusplus-0-exid0,755-759,fca,cflow
1700,aflplusplus-0-exid0,759-773,fca,cflow
1701,aflplusplus-0-exid0,773-2468,fca,cflow
1702,aflplusplus-0-exid1,7731-7891,fca,cflow
1703,aflplusplus-0-exid0,7740-7746,fca,cflow
1704,aflplusplus-0-exid3,7746-7749,fca,cflow
1705,aflplusplus-0-exid0,7749-7749,fca,cflow
1706,aflplusplus-0-exid0,7749-7819,fca,cflow
1707,aflplusplus-0-exid0,776-780,fca,cflow
1708,aflplusplus-0-exid0,780-794,fca,cflow
1709,aflplusplus-0-exid0,7819-7837,fca,cflow
1710,fairfuzz-0-exid0,7837-7842,fca,cflow
1711,mopt-0-exid1,7880-7859,fca,cflow
1712,fairfuzz-0-exid2,7880-7886,fca,cflow
1713,aflplusplus-0-exid4,7891-7921,fca,cflow
1714,aflplusplus-0-exid0,7902-7908,fca,cflow
1715,aflplusplus-0-exid1,7908-7916,fca,cflow
1716,aflplusplus-0-exid4,7916-7921,fca,cflow
1717,aflplusplus-0-exid1,794-2468,fca,cflow
1718,aflplusplus-0-exid3,797-801,fca,cflow
1719,aflplusplus-0-exid3,7974-7979,fca,cflow
1720,mopt-0-exid3,7974-7992,fca,cflow
1721,aflplusplus-0-exid1,7979-7999,fca,cflow
1722,fairfuzz-0-exid0,7992-7996,fca,cflow
1723,mopt-0-exid1,7999-8048,fca,cflow
1724,aflplusplus-0-exid1,801-815,fca,cflow
1725,fairfuzz-0-exid2,8016-8021,fca,cflow
1726,fairfuzz-0-exid4,8016-8043,fca,cflow
1727,fairfuzz-0-exid4,8021-8025,fca,cflow
1728,aflplusplus-0-exid0,8025-8043,fca,cflow
1729,aflplusplus-0-exid1,8030-8043,fca,cflow
1730,aflplusplus-0-exid2,8043-8007,fca,cflow
1731,aflplusplus-0-exid1,8048-8062,fca,cflow
1732,aflplusplus-0-exid0,815-2468,fca,cflow
1733,aflplusplus-0-exid0,818-822,fca,cflow
1734,aflplusplus-0-exid0,822-836,fca,cflow
1735,fairfuzz-0-exid0,8292-8390,fca,cflow
1736,fairfuzz-0-exid3,8314-8319,fca,cflow
1737,fairfuzz-0-exid1,8319-8327,fca,cflow
1738,symcc-0-exid1,8319-8335,fca,cflow
1739,fairfuzz-0-exid2,8327-8319,fca,cflow
1740,aflplusplus-0-exid2,8359-8375,fca,cflow
1741,aflplusplus-0-exid1,836-2468,fca,cflow
1742,aflplusplus-0-exid2,8386-8390,fca,cflow
1743,aflplusplus-0-exid4,839-843,fca,cflow
1744,aflplusplus-0-exid2,843-857,fca,cflow
1745,aflplusplus-0-exid1,857-2468,fca,cflow
1746,aflplusplus-0-exid3,860-864,fca,cflow
1747,mopt-0-exid1,864-878,fca,cflow
1748,aflplusplus-0-exid0,8787-8813,fca,cflow
1749,aflplusplus-0-exid1,88-91,fca,cflow
1750,aflplusplus-0-exid0,881-885,fca,cflow
1751,aflplusplus-0-exid1,8813-8824,fca,cflow
1752,aflplusplus-0-exid0,885-899,fca,cflow
1753,aflplusplus-0-exid0,8884-9074,fca,cflow
1754,aflplusplus-0-exid0,8884-9096,fca,cflow
1755,aflplusplus-0-exid1,8884-9136,fca,cflow
1756,aflplusplus-0-exid2,8884-9176,fca,cflow
1757,fairfuzz-0-exid3,8884-9219,fca,cflow
1758,aflplusplus-0-exid0,8892-8900,fca,cflow
1759,aflplusplus-0-exid0,8900-8904,fca,cflow
1760,aflplusplus-0-exid0,8910-8925,fca,cflow
1761,aflplusplus-0-exid0,8925-8930,fca,cflow
1762,aflplusplus-0-exid2,8930-9227,fca,cflow
1763,aflplusplus-0-exid2,8939-8942,fca,cflow
1764,fairfuzz-0-exid0,8939-8960,fca,cflow
1765,aflplusplus-0-exid0,8942-8950,fca,cflow
1766,aflplusplus-0-exid0,8950-8954,fca,cflow
1767,aflplusplus-0-exid0,8960-8978,fca,cflow
1768,symcc-0-exid2,8960-8983,fca,cflow
1769,aflplusplus-0-exid0,8978-8983,fca,cflow
1770,fairfuzz-0-exid0,899-2468,fca,cflow
1771,aflplusplus-0-exid0,8991-8999,fca,cflow
1772,aflplusplus-0-exid0,8999-9003,fca,cflow
1773,aflplusplus-0-exid0,9010-9031,fca,cflow
1774,aflplusplus-0-exid0,9013-9021,fca,cflow
1775,aflplusplus-0-exid0,902-906,fca,cflow
1776,aflplusplus-0-exid0,9021-9025,fca,cflow
1777,aflplusplus-0-exid0,9031-9039,fca,cflow
1778,aflplusplus-0-exid0,9039-9043,fca,cflow
1779,aflplusplus-0-exid0,9052-9060,fca,cflow
1780,aflplusplus-0-exid1,906-920,fca,cflow
1781,aflplusplus-0-exid0,9060-9066,fca,cflow
1782,aflplusplus-0-exid0,9074-9082,fca,cflow
1783,aflplusplus-0-exid0,9082-9087,fca,cflow
1784,aflplusplus-0-exid2,9087-9227,fca,cflow
1785,aflplusplus-0-exid0,9096-9099,fca,cflow
1786,aflplusplus-0-exid0,9099-9107,fca,cflow
1787,aflplusplus-0-exid0,9099-9111,fca,cflow
1788,aflplusplus-0-exid0,9107-9111,fca,cflow
1789,aflplusplus-0-exid1,9111-9117,fca,cflow
1790,aflplusplus-0-exid0,9117-9125,fca,cflow
1791,aflplusplus-0-exid4,9117-9129,fca,cflow
1792,aflplusplus-0-exid0,9125-9129,fca,cflow
1793,mopt-0-exid3,9129-9227,fca,cflow
1794,aflplusplus-0-exid0,9136-9139,fca,cflow
1795,aflplusplus-0-exid0,9136-9157,fca,cflow
1796,aflplusplus-0-exid0,9139-9147,fca,cflow
1797,aflplusplus-0-exid2,9139-9151,fca,cflow
1798,aflplusplus-0-exid0,9147-9151,fca,cflow
1799,aflplusplus-0-exid0,9151-9157,fca,cflow
1800,aflplusplus-0-exid0,9157-9165,fca,cflow
1801,fairfuzz-0-exid4,9157-9169,fca,cflow
1802,aflplusplus-0-exid0,9165-9169,fca,cflow
1803,aflplusplus-0-exid3,9169-9227,fca,cflow
1804,aflplusplus-0-exid0,9176-9184,fca,cflow
1805,fairfuzz-0-exid1,9176-9188,fca,cflow
1806,aflplusplus-0-exid0,9184-9188,fca,cflow
1807,aflplusplus-0-exid0,9188-9205,fca,cflow
1808,fairfuzz-0-exid4,9188-9210,fca,cflow
1809,aflplusplus-0-exid0,920-2468,fca,cflow
1810,aflplusplus-0-exid0,9205-9210,fca,cflow
1811,aflplusplus-0-exid0,9210-9227,fca,cflow
1812,fairfuzz-0-exid0,9219-9227,fca,cflow
1813,fairfuzz-0-exid0,923-927,fca,cflow
1814,mopt-0-exid2,9232-9241,fca,cflow
1815,aflplusplus-0-exid3,9241-9249,fca,cflow
1816,aflplusplus-0-exid3,9241-9255,fca,cflow
1817,aflplusplus-0-exid2,9241-9259,fca,cflow
1818,aflplusplus-0-exid0,9241-9263,fca,cflow
1819,aflplusplus-0-exid2,9241-9267,fca,cflow
1820,aflplusplus-0-exid2,9241-9271,fca,cflow
1821,aflplusplus-0-exid1,9241-9275,fca,cflow
1822,aflplusplus-0-exid1,9241-9281,fca,cflow
1823,aflplusplus-0-exid1,9249-9285,fca,cflow
1824,aflplusplus-0-exid0,9255-9285,fca,cflow
1825,aflplusplus-0-exid0,9259-9285,fca,cflow
1826,aflplusplus-0-exid4,9263-9285,fca,cflow
1827,aflplusplus-0-exid0,9267-9285,fca,cflow
1828,fairfuzz-0-exid0,927-941,fca,cflow
1829,aflplusplus-0-exid0,9271-9285,fca,cflow
1830,aflplusplus-0-exid0,9275-9285,fca,cflow
1831,aflplusplus-0-exid4,9281-9285,fca,cflow
1832,mopt-0-exid0,9317-9329,fca,cflow
1833,aflplusplus-0-exid0,9349-9382,fca,cflow
1834,aflplusplus-0-exid1,9363-9382,fca,cflow
1835,mopt-0-exid1,9387-9392,fca,cflow
1836,aflplusplus-0-exid0,9403-9411,fca,cflow
1837,aflplusplus-0-exid4,941-2468,fca,cflow
1838,aflplusplus-0-exid0,9411-9415,fca,cflow
1839,aflplusplus-0-exid0,944-948,fca,cflow
1840,aflplusplus-0-exid0,948-962,fca,cflow
1841,aflplusplus-0-exid0,9532-9593,fca,cflow
1842,fairfuzz-0-exid2,9546-9550,fca,cflow
1843,aflplusplus-0-exid0,9546-9553,fca,cflow
1844,aflplusplus-0-exid0,9546-9589,fca,cflow
1845,fairfuzz-0-exid1,9550-9566,fca,cflow
1846,aflplusplus-0-exid3,9553-9566,fca,cflow
1847,aflplusplus-0-exid0,9566-9573,fca,cflow
1848,aflplusplus-0-exid0,9573-9583,fca,cflow
1849,symcc-0-exid1,9589-9546,fca,cflow
1850,fairfuzz-0-exid1,9597-9611,fca,cflow
1851,fairfuzz-0-exid2,9597-9639,fca,cflow
1852,aflplusplus-0-exid1,962-2468,fca,cflow
1853,aflplusplus-0-exid4,9620-9625,fca,cflow
1854,aflplusplus-0-exid0,9625-9636,fca,cflow
1855,mopt-0-exid0,9636-9639,fca,cflow
1856,aflplusplus-0-exid0,9639-9649,fca,cflow
1857,aflplusplus-0-exid0,9645-9649,fca,cflow
1858,aflplusplus-0-exid0,965-969,fca,cflow
1859,mopt-0-exid0,9671-9731,fca,cflow
1860,aflplusplus-0-exid1,969-983,fca,cflow
1861,symcc-0-exid0,9747-9753,fca,cflow
1862,aflplusplus-0-exid1,9780-9785,fca,cflow
1863,aflplusplus-0-exid0,9780-9787,fca,cflow
1864,fairfuzz-0-exid2,9780-9802,fca,cflow
1865,aflplusplus-0-exid1,9780-9823,fca,cflow
1866,fairfuzz-0-exid0,9780-9838,fca,cflow
1867,aflplusplus-0-exid0,9785-9787,fca,cflow
1868,aflplusplus-0-exid0,9785-9838,fca,cflow
1869,aflplusplus-0-exid0,9787-9789,fca,cflow
1870,aflplusplus-0-exid3,9787-9792,fca,cflow
1871,aflplusplus-0-exid2,9789-9780,fca,cflow
1872,aflplusplus-0-exid1,9792-9796,fca,cflow
1873,fairfuzz-0-exid4,9796-9776,fca,cflow
1874,aflplusplus-0-exid0,9802-9838,fca,cflow
1875,aflplusplus-0-exid0,9807-9820,fca,cflow
1876,aflplusplus-0-exid0,9812-9817,fca,cflow
1877,aflplusplus-0-exid0,9817-9820,fca,cflow
1878,aflplusplus-0-exid1,9823-9838,fca,cflow
1879,aflplusplus-0-exid0,983-2468,fca,cflow
1880,aflplusplus-0-exid2,9856-9861,fca,cflow
1881,aflplusplus-0-exid0,986-990,fca,cflow
1882,aflplusplus-0-exid1,9861-9869,fca,cflow
1883,fairfuzz-0-exid4,9866-9869,fca,cflow
1884,symcc-0-exid2,9877-9882,fca,cflow
1885,aflplusplus-0-exid4,9882-9893,fca,cflow
1886,aflplusplus-0-exid0,9897-10016,fca,cflow
1887,aflplusplus-0-exid0,9897-10101,fca,cflow
1888,aflplusplus-0-exid2,9897-9900,fca,cflow
1889,aflplusplus-0-exid0,990-1004,fca,cflow
1890,aflplusplus-0-exid0,9900-9897,fca,cflow
1891,aflplusplus-0-exid4,9903-9907,fca,cflow
1892,aflplusplus-0-exid1,9907-9914,fca,cflow
1893,fairfuzz-0-exid0,9914-9924,fca,cflow
1894,aflplusplus-0-exid0,9924-9932,fca,cflow
1895,aflplusplus-0-exid0,9932-9938,fca,cflow
1896,aflplusplus-0-exid3,9938-9955,fca,cflow
1897,aflplusplus-0-exid2,9955-9963,fca,cflow
1898,aflplusplus-0-exid0,9963-9976,fca,cflow
1899,aflplusplus-0-exid1,9976-9991,fca,cflow
1900,aflplusplus-0-exid0,9991-10030,fca,cflow
