,fuzzer,edges_count,time
0,fuzzer_global,44,0
1,fuzzer_global,74,1
2,fuzzer_global,104,2
3,fuzzer_global,171,3
4,fuzzer_global,200,4
5,fuzzer_global,234,5
6,fuzzer_global,254,6
7,fuzzer_global,274,7
8,fuzzer_global,300,8
9,fuzzer_global,319,9
10,fuzzer_global,349,10
11,fuzzer_global,370,11
12,fuzzer_global,400,12
13,fuzzer_global,419,13
14,fuzzer_global,433,14
15,fuzzer_global,460,15
16,fuzzer_global,473,16
17,fuzzer_global,483,17
18,fuzzer_global,495,18
19,fuzzer_global,505,19
20,fuzzer_global,518,20
21,fuzzer_global,537,21
22,fuzzer_global,552,22
23,fuzzer_global,566,23
24,fuzzer_global,580,24
25,fuzzer_global,593,25
26,fuzzer_global,610,26
27,fuzzer_global,628,27
28,fuzzer_global,660,28
29,fuzzer_global,675,29
30,fuzzer_global,687,30
31,fuzzer_global,701,31
32,fuzzer_global,716,32
33,fuzzer_global,721,33
34,fuzzer_global,738,34
35,fuzzer_global,747,35
36,fuzzer_global,750,36
37,fuzzer_global,757,37
38,fuzzer_global,772,38
39,fuzzer_global,784,39
40,fuzzer_global,788,40
41,fuzzer_global,798,41
42,fuzzer_global,807,42
43,fuzzer_global,813,43
44,fuzzer_global,820,44
45,fuzzer_global,829,45
46,fuzzer_global,831,46
47,fuzzer_global,837,47
48,fuzzer_global,846,48
49,fuzzer_global,856,49
50,fuzzer_global,860,50
51,fuzzer_global,880,51
52,fuzzer_global,900,52
53,fuzzer_global,916,53
54,fuzzer_global,931,54
55,fuzzer_global,940,55
56,fuzzer_global,972,56
57,fuzzer_global,977,57
58,fuzzer_global,987,58
59,fuzzer_global,994,59
60,fuzzer_global,1002,60
61,fuzzer_global,1003,61
62,fuzzer_global,1006,62
63,fuzzer_global,1010,63
64,fuzzer_global,1017,64
65,fuzzer_global,1019,65
66,fuzzer_global,1024,66
67,fuzzer_global,1032,67
68,fuzzer_global,1040,68
69,fuzzer_global,1047,69
70,fuzzer_global,1052,70
71,fuzzer_global,1060,71
72,fuzzer_global,1068,72
73,fuzzer_global,1068,73
74,fuzzer_global,1074,74
75,fuzzer_global,1080,75
76,fuzzer_global,1081,76
77,fuzzer_global,1085,77
78,fuzzer_global,1089,78
79,fuzzer_global,1093,79
80,fuzzer_global,1098,80
81,fuzzer_global,1101,81
82,fuzzer_global,1106,82
83,fuzzer_global,1115,83
84,fuzzer_global,1115,84
85,fuzzer_global,1119,85
86,fuzzer_global,1123,86
87,fuzzer_global,1127,87
88,fuzzer_global,1130,88
89,fuzzer_global,1143,89
90,fuzzer_global,1148,90
91,fuzzer_global,1153,91
92,fuzzer_global,1156,92
93,fuzzer_global,1156,93
94,fuzzer_global,1163,94
95,fuzzer_global,1166,95
96,fuzzer_global,1167,96
97,fuzzer_global,1169,97
98,fuzzer_global,1170,98
99,fuzzer_global,1170,99
100,fuzzer_global,1172,100
101,fuzzer_global,1174,101
102,fuzzer_global,1175,102
103,fuzzer_global,1180,103
104,fuzzer_global,1182,104
105,fuzzer_global,1184,105
106,fuzzer_global,1185,106
107,fuzzer_global,1186,107
108,fuzzer_global,1186,108
109,fuzzer_global,1187,109
110,fuzzer_global,1192,110
111,fuzzer_global,1196,111
112,fuzzer_global,1198,112
113,fuzzer_global,1203,113
114,fuzzer_global,1204,114
115,fuzzer_global,1213,115
116,fuzzer_global,1217,116
117,fuzzer_global,1219,117
118,fuzzer_global,1220,118
119,fuzzer_global,1224,119
120,fuzzer_global,1225,120
121,fuzzer_global,1226,121
122,fuzzer_global,1226,122
123,fuzzer_global,1226,123
124,fuzzer_global,1228,124
125,fuzzer_global,1229,125
126,fuzzer_global,1231,126
127,fuzzer_global,1232,127
128,fuzzer_global,1233,128
129,fuzzer_global,1235,129
130,fuzzer_global,1237,130
131,fuzzer_global,1237,131
132,fuzzer_global,1238,132
133,fuzzer_global,1240,133
134,fuzzer_global,1240,134
135,fuzzer_global,1241,135
136,fuzzer_global,1245,136
137,fuzzer_global,1246,137
138,fuzzer_global,1247,138
139,fuzzer_global,1250,139
140,fuzzer_global,1251,140
141,fuzzer_global,1253,141
142,fuzzer_global,1256,142
143,fuzzer_global,1257,143
144,fuzzer_global,1258,144
145,fuzzer_global,1258,145
146,fuzzer_global,1258,146
147,fuzzer_global,1259,147
148,fuzzer_global,1259,148
149,fuzzer_global,1260,149
150,fuzzer_global,1260,150
151,fuzzer_global,1261,151
152,fuzzer_global,1263,152
153,fuzzer_global,1263,153
154,fuzzer_global,1263,154
155,fuzzer_global,1263,155
156,fuzzer_global,1265,156
157,fuzzer_global,1265,157
158,fuzzer_global,1267,158
159,fuzzer_global,1272,159
160,fuzzer_global,1272,160
161,fuzzer_global,1273,161
162,fuzzer_global,1273,162
163,fuzzer_global,1273,163
164,fuzzer_global,1273,164
165,fuzzer_global,1273,165
166,fuzzer_global,1274,166
167,fuzzer_global,1277,167
168,fuzzer_global,1280,168
169,fuzzer_global,1282,169
170,fuzzer_global,1283,170
171,fuzzer_global,1283,171
172,fuzzer_global,1284,172
173,fuzzer_global,1286,173
174,fuzzer_global,1286,174
175,fuzzer_global,1287,175
176,fuzzer_global,1288,176
177,fuzzer_global,1290,177
178,fuzzer_global,1293,178
179,fuzzer_global,1294,179
180,fuzzer_global,1294,180
181,fuzzer_global,1294,181
182,fuzzer_global,1296,182
183,fuzzer_global,1300,183
184,fuzzer_global,1303,184
185,fuzzer_global,1303,185
186,fuzzer_global,1304,186
187,fuzzer_global,1304,187
188,fuzzer_global,1305,188
189,fuzzer_global,1308,189
190,fuzzer_global,1309,190
191,fuzzer_global,1311,191
192,fuzzer_global,1312,192
193,fuzzer_global,1312,193
194,fuzzer_global,1313,194
195,fuzzer_global,1314,195
196,fuzzer_global,1314,196
197,fuzzer_global,1314,197
198,fuzzer_global,1318,198
199,fuzzer_global,1320,199
200,fuzzer_global,1321,200
201,fuzzer_global,1321,201
202,fuzzer_global,1322,202
203,fuzzer_global,1325,203
204,fuzzer_global,1326,204
205,fuzzer_global,1327,205
206,fuzzer_global,1328,206
207,fuzzer_global,1329,207
208,fuzzer_global,1329,208
209,fuzzer_global,1330,209
210,fuzzer_global,1332,210
211,fuzzer_global,1332,211
212,fuzzer_global,1332,212
213,fuzzer_global,1333,213
214,fuzzer_global,1333,214
215,fuzzer_global,1334,215
216,fuzzer_global,1334,216
217,fuzzer_global,1334,217
218,fuzzer_global,1334,218
219,fuzzer_global,1334,219
220,fuzzer_global,1335,220
221,fuzzer_global,1335,221
222,fuzzer_global,1335,222
223,fuzzer_global,1335,223
224,fuzzer_global,1335,224
225,fuzzer_global,1336,225
226,fuzzer_global,1336,226
227,fuzzer_global,1336,227
228,fuzzer_global,1336,228
229,fuzzer_global,1347,229
230,fuzzer_global,1349,230
231,fuzzer_global,1353,231
232,fuzzer_global,1354,232
233,fuzzer_global,1354,233
234,fuzzer_global,1354,234
235,fuzzer_global,1354,235
236,fuzzer_global,1354,236
237,fuzzer_global,1354,237
238,fuzzer_global,1355,238
239,fuzzer_global,1358,239
240,fuzzer_global,1358,240
241,fuzzer_global,1359,241
242,fuzzer_global,1361,242
243,fuzzer_global,1361,243
244,fuzzer_global,1361,244
245,fuzzer_global,1362,245
246,fuzzer_global,1365,246
247,fuzzer_global,1367,247
248,fuzzer_global,1367,248
249,fuzzer_global,1369,249
250,fuzzer_global,1370,250
251,fuzzer_global,1370,251
252,fuzzer_global,1373,252
253,fuzzer_global,1373,253
254,fuzzer_global,1373,254
255,fuzzer_global,1373,255
256,fuzzer_global,1373,256
257,fuzzer_global,1373,257
258,fuzzer_global,1373,258
259,fuzzer_global,1373,259
260,fuzzer_global,1374,260
261,fuzzer_global,1374,261
262,fuzzer_global,1374,262
263,fuzzer_global,1374,263
264,fuzzer_global,1374,264
265,fuzzer_global,1374,265
266,fuzzer_global,1374,266
267,fuzzer_global,1375,267
268,fuzzer_global,1377,268
269,fuzzer_global,1377,269
270,fuzzer_global,1381,270
271,fuzzer_global,1385,271
272,fuzzer_global,1387,272
273,fuzzer_global,1387,273
274,fuzzer_global,1389,274
275,fuzzer_global,1390,275
276,fuzzer_global,1390,276
277,fuzzer_global,1390,277
278,fuzzer_global,1393,278
279,fuzzer_global,1393,279
280,fuzzer_global,1393,280
281,fuzzer_global,1393,281
282,fuzzer_global,1394,282
283,fuzzer_global,1394,283
284,fuzzer_global,1395,284
285,fuzzer_global,1402,285
286,fuzzer_global,1405,286
287,fuzzer_global,1407,287
288,fuzzer_global,1423,288
289,fuzzer_global,1430,289
290,fuzzer_global,1431,290
291,fuzzer_global,1431,291
292,fuzzer_global,1431,292
293,fuzzer_global,1431,293
294,fuzzer_global,1431,294
295,fuzzer_global,1431,295
296,fuzzer_global,1432,296
297,fuzzer_global,1434,297
298,fuzzer_global,1434,298
299,fuzzer_global,1434,299
300,fuzzer_global,1434,300
301,fuzzer_global,1434,301
302,fuzzer_global,1434,302
303,fuzzer_global,1434,303
304,fuzzer_global,1435,304
305,fuzzer_global,1441,305
306,fuzzer_global,1442,306
307,fuzzer_global,1442,307
308,fuzzer_global,1444,308
309,fuzzer_global,1444,309
310,fuzzer_global,1444,310
311,fuzzer_global,1444,311
312,fuzzer_global,1445,312
313,fuzzer_global,1445,313
314,fuzzer_global,1446,314
315,fuzzer_global,1448,315
316,fuzzer_global,1448,316
317,fuzzer_global,1448,317
318,fuzzer_global,1448,318
319,fuzzer_global,1448,319
320,fuzzer_global,1448,320
321,fuzzer_global,1451,321
322,fuzzer_global,1452,322
323,fuzzer_global,1456,323
324,fuzzer_global,1456,324
325,fuzzer_global,1457,325
326,fuzzer_global,1458,326
327,fuzzer_global,1459,327
328,fuzzer_global,1460,328
329,fuzzer_global,1460,329
330,fuzzer_global,1460,330
331,fuzzer_global,1460,331
332,fuzzer_global,1460,332
333,fuzzer_global,1460,333
334,fuzzer_global,1460,334
335,fuzzer_global,1461,335
336,fuzzer_global,1462,336
337,fuzzer_global,1462,337
338,fuzzer_global,1462,338
339,fuzzer_global,1462,339
340,fuzzer_global,1462,340
341,fuzzer_global,1462,341
342,fuzzer_global,1462,342
343,fuzzer_global,1462,343
344,fuzzer_global,1462,344
345,fuzzer_global,1462,345
346,fuzzer_global,1463,346
347,fuzzer_global,1463,347
348,fuzzer_global,1463,348
349,fuzzer_global,1464,349
350,fuzzer_global,1467,350
351,fuzzer_global,1467,351
352,fuzzer_global,1467,352
353,fuzzer_global,1468,353
354,fuzzer_global,1469,354
355,fuzzer_global,1472,355
356,fuzzer_global,1472,356
357,fuzzer_global,1472,357
358,fuzzer_global,1473,358
359,fuzzer_global,1473,359
360,fuzzer_global,1473,360
361,fuzzer_global,1474,361
362,fuzzer_global,1474,362
363,fuzzer_global,1475,363
364,fuzzer_global,1476,364
365,fuzzer_global,1476,365
366,fuzzer_global,1476,366
367,fuzzer_global,1476,367
368,fuzzer_global,1476,368
369,fuzzer_global,1476,369
370,fuzzer_global,1476,370
371,fuzzer_global,1476,371
372,fuzzer_global,1476,372
373,fuzzer_global,1476,373
374,fuzzer_global,1476,374
375,fuzzer_global,1477,375
376,fuzzer_global,1477,376
377,fuzzer_global,1477,377
378,fuzzer_global,1478,378
379,fuzzer_global,1480,379
380,fuzzer_global,1482,380
381,fuzzer_global,1482,381
382,fuzzer_global,1482,382
383,fuzzer_global,1482,383
384,fuzzer_global,1482,384
385,fuzzer_global,1482,385
386,fuzzer_global,1482,386
387,fuzzer_global,1482,387
388,fuzzer_global,1482,388
389,fuzzer_global,1482,389
390,fuzzer_global,1482,390
391,fuzzer_global,1482,391
392,fuzzer_global,1482,392
393,fuzzer_global,1482,393
394,fuzzer_global,1482,394
395,fuzzer_global,1482,395
396,fuzzer_global,1482,396
397,fuzzer_global,1482,397
398,fuzzer_global,1482,398
399,fuzzer_global,1482,399
400,fuzzer_global,1482,400
401,fuzzer_global,1482,401
402,fuzzer_global,1482,402
403,fuzzer_global,1482,403
404,fuzzer_global,1482,404
405,fuzzer_global,1482,405
406,fuzzer_global,1482,406
407,fuzzer_global,1482,407
408,fuzzer_global,1482,408
409,fuzzer_global,1482,409
410,fuzzer_global,1482,410
411,fuzzer_global,1482,411
412,fuzzer_global,1482,412
413,fuzzer_global,1482,413
414,fuzzer_global,1482,414
415,fuzzer_global,1482,415
416,fuzzer_global,1482,416
417,fuzzer_global,1482,417
418,fuzzer_global,1482,418
419,fuzzer_global,1482,419
420,fuzzer_global,1482,420
421,fuzzer_global,1482,421
422,fuzzer_global,1482,422
423,fuzzer_global,1482,423
424,fuzzer_global,1482,424
425,fuzzer_global,1482,425
426,fuzzer_global,1482,426
427,fuzzer_global,1482,427
428,fuzzer_global,1482,428
429,fuzzer_global,1482,429
430,fuzzer_global,1482,430
431,fuzzer_global,1482,431
432,fuzzer_global,1483,432
433,fuzzer_global,1484,433
434,fuzzer_global,1484,434
435,fuzzer_global,1484,435
436,fuzzer_global,1484,436
437,fuzzer_global,1485,437
438,fuzzer_global,1485,438
439,fuzzer_global,1485,439
440,fuzzer_global,1486,440
441,fuzzer_global,1486,441
442,fuzzer_global,1486,442
443,fuzzer_global,1486,443
444,fuzzer_global,1486,444
445,fuzzer_global,1487,445
446,fuzzer_global,1487,446
447,fuzzer_global,1488,447
448,fuzzer_global,1488,448
449,fuzzer_global,1488,449
450,fuzzer_global,1488,450
451,fuzzer_global,1492,451
452,fuzzer_global,1492,452
453,fuzzer_global,1492,453
454,fuzzer_global,1492,454
455,fuzzer_global,1492,455
456,fuzzer_global,1492,456
457,fuzzer_global,1492,457
458,fuzzer_global,1492,458
459,fuzzer_global,1492,459
460,fuzzer_global,1492,460
461,fuzzer_global,1492,461
462,fuzzer_global,1492,462
463,fuzzer_global,1492,463
464,fuzzer_global,1492,464
465,fuzzer_global,1493,465
466,fuzzer_global,1493,466
467,fuzzer_global,1494,467
468,fuzzer_global,1496,468
469,fuzzer_global,1496,469
470,fuzzer_global,1497,470
471,fuzzer_global,1497,471
472,fuzzer_global,1498,472
473,fuzzer_global,1499,473
474,fuzzer_global,1499,474
475,fuzzer_global,1499,475
476,fuzzer_global,1499,476
477,fuzzer_global,1499,477
478,fuzzer_global,1499,478
479,fuzzer_global,1499,479
480,fuzzer_global,1500,480
481,fuzzer_global,1500,481
482,fuzzer_global,1500,482
483,fuzzer_global,1500,483
484,fuzzer_global,1500,484
485,fuzzer_global,1500,485
486,fuzzer_global,1500,486
487,fuzzer_global,1500,487
488,fuzzer_global,1500,488
489,fuzzer_global,1500,489
490,fuzzer_global,1500,490
491,fuzzer_global,1500,491
492,fuzzer_global,1500,492
493,fuzzer_global,1500,493
494,fuzzer_global,1500,494
495,fuzzer_global,1500,495
496,fuzzer_global,1502,496
497,fuzzer_global,1502,497
498,fuzzer_global,1502,498
499,fuzzer_global,1502,499
500,fuzzer_global,1502,500
501,fuzzer_global,1502,501
502,fuzzer_global,1502,502
503,fuzzer_global,1503,503
504,fuzzer_global,1503,504
505,fuzzer_global,1503,505
506,fuzzer_global,1503,506
507,fuzzer_global,1503,507
508,fuzzer_global,1504,508
509,fuzzer_global,1504,509
510,fuzzer_global,1505,510
511,fuzzer_global,1505,511
512,fuzzer_global,1505,512
513,fuzzer_global,1505,513
514,fuzzer_global,1505,514
515,fuzzer_global,1506,515
516,fuzzer_global,1507,516
517,fuzzer_global,1507,517
518,fuzzer_global,1507,518
519,fuzzer_global,1507,519
520,fuzzer_global,1507,520
521,fuzzer_global,1507,521
522,fuzzer_global,1507,522
523,fuzzer_global,1507,523
524,fuzzer_global,1507,524
525,fuzzer_global,1507,525
526,fuzzer_global,1507,526
527,fuzzer_global,1507,527
528,fuzzer_global,1507,528
529,fuzzer_global,1507,529
530,fuzzer_global,1507,530
531,fuzzer_global,1507,531
532,fuzzer_global,1507,532
533,fuzzer_global,1508,533
534,fuzzer_global,1508,534
535,fuzzer_global,1508,535
536,fuzzer_global,1508,536
537,fuzzer_global,1508,537
538,fuzzer_global,1508,538
539,fuzzer_global,1508,539
540,fuzzer_global,1508,540
541,fuzzer_global,1508,541
542,fuzzer_global,1509,542
543,fuzzer_global,1509,543
544,fuzzer_global,1509,544
545,fuzzer_global,1510,545
546,fuzzer_global,1512,546
547,fuzzer_global,1512,547
548,fuzzer_global,1512,548
549,fuzzer_global,1512,549
550,fuzzer_global,1512,550
551,fuzzer_global,1512,551
552,fuzzer_global,1512,552
553,fuzzer_global,1512,553
554,fuzzer_global,1512,554
555,fuzzer_global,1512,555
556,fuzzer_global,1512,556
557,fuzzer_global,1512,557
558,fuzzer_global,1512,558
559,fuzzer_global,1512,559
560,fuzzer_global,1512,560
561,fuzzer_global,1512,561
562,fuzzer_global,1512,562
563,fuzzer_global,1512,563
564,fuzzer_global,1522,564
565,fuzzer_global,1523,565
566,fuzzer_global,1523,566
567,fuzzer_global,1523,567
568,fuzzer_global,1523,568
569,fuzzer_global,1523,569
570,fuzzer_global,1524,570
571,fuzzer_global,1524,571
572,fuzzer_global,1525,572
573,fuzzer_global,1525,573
574,fuzzer_global,1525,574
575,fuzzer_global,1526,575
576,fuzzer_global,1526,576
577,fuzzer_global,1527,577
578,fuzzer_global,1527,578
579,fuzzer_global,1527,579
580,fuzzer_global,1527,580
581,fuzzer_global,1527,581
582,fuzzer_global,1528,582
583,fuzzer_global,1528,583
584,fuzzer_global,1528,584
585,fuzzer_global,1528,585
586,fuzzer_global,1528,586
587,fuzzer_global,1528,587
588,fuzzer_global,1528,588
589,fuzzer_global,1528,589
590,fuzzer_global,1528,590
591,fuzzer_global,1528,591
592,fuzzer_global,1528,592
593,fuzzer_global,1528,593
594,fuzzer_global,1529,594
595,fuzzer_global,1529,595
596,fuzzer_global,1529,596
597,fuzzer_global,1529,597
598,fuzzer_global,1529,598
599,fuzzer_global,1529,599
600,fuzzer_global,1529,600
601,fuzzer_global,1529,601
602,fuzzer_global,1529,602
603,fuzzer_global,1529,603
604,fuzzer_global,1529,604
605,fuzzer_global,1529,605
606,fuzzer_global,1529,606
607,fuzzer_global,1529,607
608,fuzzer_global,1529,608
609,fuzzer_global,1529,609
610,fuzzer_global,1529,610
611,fuzzer_global,1529,611
612,fuzzer_global,1529,612
613,fuzzer_global,1529,613
614,fuzzer_global,1529,614
615,fuzzer_global,1529,615
616,fuzzer_global,1529,616
617,fuzzer_global,1529,617
618,fuzzer_global,1529,618
619,fuzzer_global,1529,619
620,fuzzer_global,1529,620
621,fuzzer_global,1529,621
622,fuzzer_global,1529,622
623,fuzzer_global,1529,623
624,fuzzer_global,1529,624
625,fuzzer_global,1529,625
626,fuzzer_global,1529,626
627,fuzzer_global,1530,627
628,fuzzer_global,1530,628
629,fuzzer_global,1530,629
630,fuzzer_global,1530,630
631,fuzzer_global,1530,631
632,fuzzer_global,1530,632
633,fuzzer_global,1530,633
634,fuzzer_global,1530,634
635,fuzzer_global,1530,635
636,fuzzer_global,1530,636
637,fuzzer_global,1530,637
638,fuzzer_global,1530,638
639,fuzzer_global,1530,639
640,fuzzer_global,1530,640
641,fuzzer_global,1530,641
642,fuzzer_global,1530,642
643,fuzzer_global,1530,643
644,fuzzer_global,1530,644
645,fuzzer_global,1531,645
646,fuzzer_global,1531,646
647,fuzzer_global,1532,647
648,fuzzer_global,1532,648
649,fuzzer_global,1532,649
650,fuzzer_global,1532,650
651,fuzzer_global,1532,651
652,fuzzer_global,1532,652
653,fuzzer_global,1532,653
654,fuzzer_global,1532,654
655,fuzzer_global,1532,655
656,fuzzer_global,1532,656
657,fuzzer_global,1532,657
658,fuzzer_global,1532,658
659,fuzzer_global,1532,659
660,fuzzer_global,1532,660
661,fuzzer_global,1532,661
662,fuzzer_global,1532,662
663,fuzzer_global,1532,663
664,fuzzer_global,1532,664
665,fuzzer_global,1532,665
666,fuzzer_global,1532,666
667,fuzzer_global,1532,667
668,fuzzer_global,1532,668
669,fuzzer_global,1532,669
670,fuzzer_global,1532,670
671,fuzzer_global,1532,671
672,fuzzer_global,1532,672
673,fuzzer_global,1532,673
674,fuzzer_global,1532,674
675,fuzzer_global,1532,675
676,fuzzer_global,1532,676
677,fuzzer_global,1532,677
678,fuzzer_global,1533,678
679,fuzzer_global,1533,679
680,fuzzer_global,1533,680
681,fuzzer_global,1533,681
682,fuzzer_global,1533,682
683,fuzzer_global,1533,683
684,fuzzer_global,1533,684
685,fuzzer_global,1534,685
686,fuzzer_global,1535,686
687,fuzzer_global,1535,687
688,fuzzer_global,1535,688
689,fuzzer_global,1535,689
690,fuzzer_global,1535,690
691,fuzzer_global,1535,691
692,fuzzer_global,1535,692
693,fuzzer_global,1535,693
694,fuzzer_global,1535,694
695,fuzzer_global,1535,695
696,fuzzer_global,1535,696
697,fuzzer_global,1535,697
698,fuzzer_global,1535,698
699,fuzzer_global,1535,699
700,fuzzer_global,1535,700
701,fuzzer_global,1535,701
702,fuzzer_global,1535,702
703,fuzzer_global,1535,703
704,fuzzer_global,1535,704
705,fuzzer_global,1538,705
706,fuzzer_global,1539,706
707,fuzzer_global,1541,707
708,fuzzer_global,1543,708
709,fuzzer_global,1544,709
710,fuzzer_global,1547,710
711,fuzzer_global,1550,711
712,fuzzer_global,1551,712
713,fuzzer_global,1551,713
714,fuzzer_global,1553,714
715,fuzzer_global,1553,715
716,fuzzer_global,1556,716
717,fuzzer_global,1567,717
718,fuzzer_global,1569,718
719,fuzzer_global,1569,719
720,fuzzer_global,1572,720
721,fuzzer_global,1573,721
722,fuzzer_global,1573,722
723,fuzzer_global,1573,723
724,fuzzer_global,1574,724
725,fuzzer_global,1576,725
726,fuzzer_global,1576,726
727,fuzzer_global,1576,727
728,fuzzer_global,1576,728
729,fuzzer_global,1576,729
730,fuzzer_global,1576,730
731,fuzzer_global,1576,731
732,fuzzer_global,1576,732
733,fuzzer_global,1576,733
734,fuzzer_global,1576,734
735,fuzzer_global,1579,735
736,fuzzer_global,1579,736
737,fuzzer_global,1579,737
738,fuzzer_global,1579,738
739,fuzzer_global,1579,739
740,fuzzer_global,1579,740
741,fuzzer_global,1579,741
742,fuzzer_global,1579,742
743,fuzzer_global,1579,743
744,fuzzer_global,1579,744
745,fuzzer_global,1579,745
746,fuzzer_global,1579,746
747,fuzzer_global,1579,747
748,fuzzer_global,1579,748
749,fuzzer_global,1579,749
750,fuzzer_global,1579,750
751,fuzzer_global,1579,751
752,fuzzer_global,1579,752
753,fuzzer_global,1579,753
754,fuzzer_global,1579,754
755,fuzzer_global,1579,755
756,fuzzer_global,1579,756
757,fuzzer_global,1579,757
758,fuzzer_global,1579,758
759,fuzzer_global,1579,759
760,fuzzer_global,1579,760
761,fuzzer_global,1579,761
762,fuzzer_global,1579,762
763,fuzzer_global,1579,763
764,fuzzer_global,1579,764
765,fuzzer_global,1579,765
766,fuzzer_global,1579,766
767,fuzzer_global,1579,767
768,fuzzer_global,1579,768
769,fuzzer_global,1580,769
770,fuzzer_global,1580,770
771,fuzzer_global,1580,771
772,fuzzer_global,1580,772
773,fuzzer_global,1580,773
774,fuzzer_global,1580,774
775,fuzzer_global,1580,775
776,fuzzer_global,1580,776
777,fuzzer_global,1580,777
778,fuzzer_global,1580,778
779,fuzzer_global,1580,779
780,fuzzer_global,1580,780
781,fuzzer_global,1580,781
782,fuzzer_global,1580,782
783,fuzzer_global,1580,783
784,fuzzer_global,1580,784
785,fuzzer_global,1580,785
786,fuzzer_global,1580,786
787,fuzzer_global,1580,787
788,fuzzer_global,1580,788
789,fuzzer_global,1580,789
790,fuzzer_global,1580,790
791,fuzzer_global,1580,791
792,fuzzer_global,1580,792
793,fuzzer_global,1580,793
794,fuzzer_global,1580,794
795,fuzzer_global,1580,795
796,fuzzer_global,1580,796
797,fuzzer_global,1580,797
798,fuzzer_global,1580,798
799,fuzzer_global,1580,799
800,fuzzer_global,1580,800
801,fuzzer_global,1581,801
802,fuzzer_global,1581,802
803,fuzzer_global,1581,803
804,fuzzer_global,1581,804
805,fuzzer_global,1581,805
806,fuzzer_global,1581,806
807,fuzzer_global,1581,807
808,fuzzer_global,1581,808
809,fuzzer_global,1581,809
810,fuzzer_global,1581,810
811,fuzzer_global,1582,811
812,fuzzer_global,1583,812
813,fuzzer_global,1583,813
814,fuzzer_global,1583,814
815,fuzzer_global,1583,815
816,fuzzer_global,1583,816
817,fuzzer_global,1583,817
818,fuzzer_global,1585,818
819,fuzzer_global,1585,819
820,fuzzer_global,1585,820
821,fuzzer_global,1585,821
822,fuzzer_global,1585,822
823,fuzzer_global,1585,823
824,fuzzer_global,1585,824
825,fuzzer_global,1585,825
826,fuzzer_global,1585,826
827,fuzzer_global,1585,827
828,fuzzer_global,1585,828
829,fuzzer_global,1585,829
830,fuzzer_global,1585,830
831,fuzzer_global,1585,831
832,fuzzer_global,1585,832
833,fuzzer_global,1585,833
834,fuzzer_global,1585,834
835,fuzzer_global,1585,835
836,fuzzer_global,1585,836
837,fuzzer_global,1585,837
838,fuzzer_global,1585,838
839,fuzzer_global,1585,839
840,fuzzer_global,1586,840
841,fuzzer_global,1586,841
842,fuzzer_global,1586,842
843,fuzzer_global,1586,843
844,fuzzer_global,1586,844
845,fuzzer_global,1586,845
846,fuzzer_global,1586,846
847,fuzzer_global,1586,847
848,fuzzer_global,1586,848
849,fuzzer_global,1587,849
850,fuzzer_global,1587,850
851,fuzzer_global,1587,851
852,fuzzer_global,1588,852
853,fuzzer_global,1588,853
854,fuzzer_global,1588,854
855,fuzzer_global,1588,855
856,fuzzer_global,1588,856
857,fuzzer_global,1588,857
858,fuzzer_global,1588,858
859,fuzzer_global,1588,859
860,fuzzer_global,1588,860
861,fuzzer_global,1588,861
862,fuzzer_global,1588,862
863,fuzzer_global,1588,863
864,fuzzer_global,1588,864
865,fuzzer_global,1588,865
866,fuzzer_global,1589,866
867,fuzzer_global,1589,867
868,fuzzer_global,1589,868
869,fuzzer_global,1589,869
870,fuzzer_global,1589,870
871,fuzzer_global,1589,871
872,fuzzer_global,1589,872
873,fuzzer_global,1589,873
874,fuzzer_global,1589,874
875,fuzzer_global,1589,875
876,fuzzer_global,1589,876
877,fuzzer_global,1590,877
878,fuzzer_global,1591,878
879,fuzzer_global,1591,879
880,fuzzer_global,1592,880
881,fuzzer_global,1592,881
882,fuzzer_global,1592,882
883,fuzzer_global,1592,883
884,fuzzer_global,1592,884
885,fuzzer_global,1592,885
886,fuzzer_global,1592,886
887,fuzzer_global,1592,887
888,fuzzer_global,1592,888
889,fuzzer_global,1592,889
890,fuzzer_global,1592,890
891,fuzzer_global,1592,891
892,fuzzer_global,1592,892
893,fuzzer_global,1592,893
894,fuzzer_global,1592,894
895,fuzzer_global,1592,895
896,fuzzer_global,1592,896
897,fuzzer_global,1592,897
898,fuzzer_global,1592,898
899,fuzzer_global,1593,899
900,fuzzer_global,1600,900
901,fuzzer_global,1600,901
902,fuzzer_global,1602,902
903,fuzzer_global,1604,903
904,fuzzer_global,1605,904
905,fuzzer_global,1606,905
906,fuzzer_global,1606,906
907,fuzzer_global,1606,907
908,fuzzer_global,1606,908
909,fuzzer_global,1606,909
910,fuzzer_global,1606,910
911,fuzzer_global,1606,911
912,fuzzer_global,1607,912
913,fuzzer_global,1608,913
914,fuzzer_global,1611,914
915,fuzzer_global,1611,915
916,fuzzer_global,1611,916
917,fuzzer_global,1611,917
918,fuzzer_global,1611,918
919,fuzzer_global,1611,919
920,fuzzer_global,1611,920
921,fuzzer_global,1612,921
922,fuzzer_global,1612,922
923,fuzzer_global,1613,923
924,fuzzer_global,1613,924
925,fuzzer_global,1613,925
926,fuzzer_global,1613,926
927,fuzzer_global,1613,927
928,fuzzer_global,1613,928
929,fuzzer_global,1615,929
930,fuzzer_global,1615,930
931,fuzzer_global,1615,931
932,fuzzer_global,1615,932
933,fuzzer_global,1615,933
934,fuzzer_global,1615,934
935,fuzzer_global,1615,935
936,fuzzer_global,1615,936
937,fuzzer_global,1616,937
938,fuzzer_global,1616,938
939,fuzzer_global,1616,939
940,fuzzer_global,1617,940
941,fuzzer_global,1618,941
942,fuzzer_global,1619,942
943,fuzzer_global,1619,943
944,fuzzer_global,1619,944
945,fuzzer_global,1619,945
946,fuzzer_global,1619,946
947,fuzzer_global,1619,947
948,fuzzer_global,1619,948
949,fuzzer_global,1619,949
950,fuzzer_global,1619,950
951,fuzzer_global,1619,951
952,fuzzer_global,1619,952
953,fuzzer_global,1619,953
954,fuzzer_global,1619,954
955,fuzzer_global,1623,955
956,fuzzer_global,1623,956
957,fuzzer_global,1623,957
958,fuzzer_global,1624,958
959,fuzzer_global,1624,959
960,fuzzer_global,1625,960
961,fuzzer_global,1625,961
962,fuzzer_global,1626,962
963,fuzzer_global,1626,963
964,fuzzer_global,1627,964
965,fuzzer_global,1627,965
966,fuzzer_global,1627,966
967,fuzzer_global,1627,967
968,fuzzer_global,1627,968
969,fuzzer_global,1627,969
970,fuzzer_global,1627,970
971,fuzzer_global,1627,971
972,fuzzer_global,1627,972
973,fuzzer_global,1627,973
974,fuzzer_global,1627,974
975,fuzzer_global,1627,975
976,fuzzer_global,1627,976
977,fuzzer_global,1628,977
978,fuzzer_global,1628,978
979,fuzzer_global,1630,979
980,fuzzer_global,1631,980
981,fuzzer_global,1631,981
982,fuzzer_global,1631,982
983,fuzzer_global,1631,983
984,fuzzer_global,1631,984
985,fuzzer_global,1631,985
986,fuzzer_global,1633,986
987,fuzzer_global,1635,987
988,fuzzer_global,1635,988
989,fuzzer_global,1636,989
990,fuzzer_global,1636,990
991,fuzzer_global,1637,991
992,fuzzer_global,1638,992
993,fuzzer_global,1639,993
994,fuzzer_global,1639,994
995,fuzzer_global,1640,995
996,fuzzer_global,1641,996
997,fuzzer_global,1641,997
998,fuzzer_global,1641,998
999,fuzzer_global,1641,999
1000,fuzzer_global,1641,1000
1001,fuzzer_global,1643,1001
1002,fuzzer_global,1644,1002
1003,fuzzer_global,1646,1003
1004,fuzzer_global,1646,1004
1005,fuzzer_global,1646,1005
1006,fuzzer_global,1646,1006
1007,fuzzer_global,1646,1007
1008,fuzzer_global,1646,1008
1009,fuzzer_global,1646,1009
1010,fuzzer_global,1646,1010
1011,fuzzer_global,1646,1011
1012,fuzzer_global,1646,1012
1013,fuzzer_global,1646,1013
1014,fuzzer_global,1646,1014
1015,fuzzer_global,1646,1015
1016,fuzzer_global,1646,1016
1017,fuzzer_global,1646,1017
1018,fuzzer_global,1646,1018
1019,fuzzer_global,1648,1019
1020,fuzzer_global,1648,1020
1021,fuzzer_global,1648,1021
1022,fuzzer_global,1648,1022
1023,fuzzer_global,1648,1023
1024,fuzzer_global,1648,1024
1025,fuzzer_global,1649,1025
1026,fuzzer_global,1650,1026
1027,fuzzer_global,1650,1027
1028,fuzzer_global,1650,1028
1029,fuzzer_global,1650,1029
1030,fuzzer_global,1650,1030
1031,fuzzer_global,1652,1031
1032,fuzzer_global,1652,1032
1033,fuzzer_global,1652,1033
1034,fuzzer_global,1652,1034
1035,fuzzer_global,1652,1035
1036,fuzzer_global,1652,1036
1037,fuzzer_global,1652,1037
1038,fuzzer_global,1652,1038
1039,fuzzer_global,1652,1039
1040,fuzzer_global,1652,1040
1041,fuzzer_global,1652,1041
1042,fuzzer_global,1652,1042
1043,fuzzer_global,1652,1043
1044,fuzzer_global,1652,1044
1045,fuzzer_global,1652,1045
1046,fuzzer_global,1652,1046
1047,fuzzer_global,1652,1047
1048,fuzzer_global,1652,1048
1049,fuzzer_global,1652,1049
1050,fuzzer_global,1652,1050
1051,fuzzer_global,1652,1051
1052,fuzzer_global,1652,1052
1053,fuzzer_global,1652,1053
1054,fuzzer_global,1652,1054
1055,fuzzer_global,1652,1055
1056,fuzzer_global,1653,1056
1057,fuzzer_global,1653,1057
1058,fuzzer_global,1653,1058
1059,fuzzer_global,1653,1059
1060,fuzzer_global,1653,1060
1061,fuzzer_global,1653,1061
1062,fuzzer_global,1654,1062
1063,fuzzer_global,1654,1063
1064,fuzzer_global,1655,1064
1065,fuzzer_global,1655,1065
1066,fuzzer_global,1655,1066
1067,fuzzer_global,1655,1067
1068,fuzzer_global,1655,1068
1069,fuzzer_global,1655,1069
1070,fuzzer_global,1659,1070
1071,fuzzer_global,1659,1071
1072,fuzzer_global,1659,1072
1073,fuzzer_global,1659,1073
1074,fuzzer_global,1659,1074
1075,fuzzer_global,1659,1075
1076,fuzzer_global,1659,1076
1077,fuzzer_global,1659,1077
1078,fuzzer_global,1659,1078
1079,fuzzer_global,1659,1079
1080,fuzzer_global,1661,1080
1081,fuzzer_global,1662,1081
1082,fuzzer_global,1662,1082
1083,fuzzer_global,1662,1083
1084,fuzzer_global,1662,1084
1085,fuzzer_global,1662,1085
1086,fuzzer_global,1662,1086
1087,fuzzer_global,1662,1087
1088,fuzzer_global,1663,1088
1089,fuzzer_global,1664,1089
1090,fuzzer_global,1664,1090
1091,fuzzer_global,1664,1091
1092,fuzzer_global,1664,1092
1093,fuzzer_global,1665,1093
1094,fuzzer_global,1665,1094
1095,fuzzer_global,1665,1095
1096,fuzzer_global,1665,1096
1097,fuzzer_global,1665,1097
1098,fuzzer_global,1665,1098
1099,fuzzer_global,1665,1099
1100,fuzzer_global,1666,1100
1101,fuzzer_global,1666,1101
1102,fuzzer_global,1666,1102
1103,fuzzer_global,1666,1103
1104,fuzzer_global,1666,1104
1105,fuzzer_global,1666,1105
1106,fuzzer_global,1666,1106
1107,fuzzer_global,1666,1107
1108,fuzzer_global,1666,1108
1109,fuzzer_global,1666,1109
1110,fuzzer_global,1667,1110
1111,fuzzer_global,1667,1111
1112,fuzzer_global,1668,1112
1113,fuzzer_global,1668,1113
1114,fuzzer_global,1673,1114
1115,fuzzer_global,1673,1115
1116,fuzzer_global,1673,1116
1117,fuzzer_global,1673,1117
1118,fuzzer_global,1673,1118
1119,fuzzer_global,1673,1119
1120,fuzzer_global,1673,1120
1121,fuzzer_global,1673,1121
1122,fuzzer_global,1673,1122
1123,fuzzer_global,1673,1123
1124,fuzzer_global,1673,1124
1125,fuzzer_global,1673,1125
1126,fuzzer_global,1673,1126
1127,fuzzer_global,1673,1127
1128,fuzzer_global,1673,1128
1129,fuzzer_global,1673,1129
1130,fuzzer_global,1673,1130
1131,fuzzer_global,1673,1131
1132,fuzzer_global,1673,1132
1133,fuzzer_global,1673,1133
1134,fuzzer_global,1673,1134
1135,fuzzer_global,1673,1135
1136,fuzzer_global,1673,1136
1137,fuzzer_global,1673,1137
1138,fuzzer_global,1673,1138
1139,fuzzer_global,1673,1139
1140,fuzzer_global,1673,1140
1141,fuzzer_global,1673,1141
1142,fuzzer_global,1673,1142
1143,fuzzer_global,1673,1143
1144,fuzzer_global,1673,1144
1145,fuzzer_global,1673,1145
1146,fuzzer_global,1673,1146
1147,fuzzer_global,1673,1147
1148,fuzzer_global,1673,1148
1149,fuzzer_global,1673,1149
1150,fuzzer_global,1673,1150
1151,fuzzer_global,1673,1151
1152,fuzzer_global,1673,1152
1153,fuzzer_global,1673,1153
1154,fuzzer_global,1673,1154
1155,fuzzer_global,1673,1155
1156,fuzzer_global,1673,1156
1157,fuzzer_global,1673,1157
1158,fuzzer_global,1673,1158
1159,fuzzer_global,1673,1159
1160,fuzzer_global,1673,1160
1161,fuzzer_global,1673,1161
1162,fuzzer_global,1673,1162
1163,fuzzer_global,1673,1163
1164,fuzzer_global,1673,1164
1165,fuzzer_global,1673,1165
1166,fuzzer_global,1673,1166
1167,fuzzer_global,1673,1167
1168,fuzzer_global,1673,1168
1169,fuzzer_global,1673,1169
1170,fuzzer_global,1673,1170
1171,fuzzer_global,1673,1171
1172,fuzzer_global,1673,1172
1173,fuzzer_global,1673,1173
1174,fuzzer_global,1673,1174
1175,fuzzer_global,1674,1175
1176,fuzzer_global,1674,1176
1177,fuzzer_global,1674,1177
1178,fuzzer_global,1674,1178
1179,fuzzer_global,1674,1179
1180,fuzzer_global,1674,1180
1181,fuzzer_global,1674,1181
1182,fuzzer_global,1674,1182
1183,fuzzer_global,1674,1183
1184,fuzzer_global,1674,1184
1185,fuzzer_global,1674,1185
1186,fuzzer_global,1674,1186
1187,fuzzer_global,1678,1187
1188,fuzzer_global,1678,1188
1189,fuzzer_global,1678,1189
1190,fuzzer_global,1678,1190
1191,fuzzer_global,1678,1191
1192,fuzzer_global,1678,1192
1193,fuzzer_global,1679,1193
1194,fuzzer_global,1679,1194
1195,fuzzer_global,1679,1195
1196,fuzzer_global,1679,1196
1197,fuzzer_global,1679,1197
1198,fuzzer_global,1679,1198
1199,fuzzer_global,1679,1199
1200,fuzzer_global,1679,1200
1201,fuzzer_global,1679,1201
1202,fuzzer_global,1679,1202
1203,fuzzer_global,1679,1203
1204,fuzzer_global,1679,1204
1205,fuzzer_global,1679,1205
1206,fuzzer_global,1679,1206
1207,fuzzer_global,1679,1207
1208,fuzzer_global,1679,1208
1209,fuzzer_global,1679,1209
1210,fuzzer_global,1679,1210
1211,fuzzer_global,1679,1211
1212,fuzzer_global,1679,1212
1213,fuzzer_global,1679,1213
1214,fuzzer_global,1679,1214
1215,fuzzer_global,1679,1215
1216,fuzzer_global,1679,1216
1217,fuzzer_global,1679,1217
1218,fuzzer_global,1679,1218
1219,fuzzer_global,1680,1219
1220,fuzzer_global,1680,1220
1221,fuzzer_global,1680,1221
1222,fuzzer_global,1680,1222
1223,fuzzer_global,1680,1223
1224,fuzzer_global,1680,1224
1225,fuzzer_global,1680,1225
1226,fuzzer_global,1680,1226
1227,fuzzer_global,1680,1227
1228,fuzzer_global,1680,1228
1229,fuzzer_global,1680,1229
1230,fuzzer_global,1680,1230
1231,fuzzer_global,1680,1231
1232,fuzzer_global,1680,1232
1233,fuzzer_global,1680,1233
1234,fuzzer_global,1680,1234
1235,fuzzer_global,1680,1235
1236,fuzzer_global,1680,1236
1237,fuzzer_global,1680,1237
1238,fuzzer_global,1680,1238
1239,fuzzer_global,1680,1239
1240,fuzzer_global,1680,1240
1241,fuzzer_global,1680,1241
1242,fuzzer_global,1680,1242
1243,fuzzer_global,1680,1243
1244,fuzzer_global,1680,1244
1245,fuzzer_global,1680,1245
1246,fuzzer_global,1680,1246
1247,fuzzer_global,1680,1247
1248,fuzzer_global,1680,1248
1249,fuzzer_global,1680,1249
1250,fuzzer_global,1680,1250
1251,fuzzer_global,1680,1251
1252,fuzzer_global,1680,1252
1253,fuzzer_global,1680,1253
1254,fuzzer_global,1680,1254
1255,fuzzer_global,1680,1255
1256,fuzzer_global,1680,1256
1257,fuzzer_global,1680,1257
1258,fuzzer_global,1680,1258
1259,fuzzer_global,1683,1259
1260,fuzzer_global,1685,1260
1261,fuzzer_global,1685,1261
1262,fuzzer_global,1685,1262
1263,fuzzer_global,1685,1263
1264,fuzzer_global,1685,1264
1265,fuzzer_global,1685,1265
1266,fuzzer_global,1685,1266
1267,fuzzer_global,1685,1267
1268,fuzzer_global,1685,1268
1269,fuzzer_global,1685,1269
1270,fuzzer_global,1685,1270
1271,fuzzer_global,1685,1271
1272,fuzzer_global,1685,1272
1273,fuzzer_global,1685,1273
1274,fuzzer_global,1685,1274
1275,fuzzer_global,1685,1275
1276,fuzzer_global,1685,1276
1277,fuzzer_global,1685,1277
1278,fuzzer_global,1685,1278
1279,fuzzer_global,1685,1279
1280,fuzzer_global,1685,1280
1281,fuzzer_global,1685,1281
1282,fuzzer_global,1685,1282
1283,fuzzer_global,1686,1283
1284,fuzzer_global,1686,1284
1285,fuzzer_global,1686,1285
1286,fuzzer_global,1686,1286
1287,fuzzer_global,1686,1287
1288,fuzzer_global,1687,1288
1289,fuzzer_global,1687,1289
1290,fuzzer_global,1687,1290
1291,fuzzer_global,1687,1291
1292,fuzzer_global,1687,1292
1293,fuzzer_global,1687,1293
1294,fuzzer_global,1687,1294
1295,fuzzer_global,1687,1295
1296,fuzzer_global,1687,1296
1297,fuzzer_global,1687,1297
1298,fuzzer_global,1687,1298
1299,fuzzer_global,1687,1299
1300,fuzzer_global,1687,1300
1301,fuzzer_global,1687,1301
1302,fuzzer_global,1687,1302
1303,fuzzer_global,1687,1303
1304,fuzzer_global,1687,1304
1305,fuzzer_global,1687,1305
1306,fuzzer_global,1687,1306
1307,fuzzer_global,1687,1307
1308,fuzzer_global,1687,1308
1309,fuzzer_global,1687,1309
1310,fuzzer_global,1687,1310
1311,fuzzer_global,1687,1311
1312,fuzzer_global,1687,1312
1313,fuzzer_global,1687,1313
1314,fuzzer_global,1687,1314
1315,fuzzer_global,1687,1315
1316,fuzzer_global,1687,1316
1317,fuzzer_global,1687,1317
1318,fuzzer_global,1687,1318
1319,fuzzer_global,1687,1319
1320,fuzzer_global,1688,1320
1321,fuzzer_global,1688,1321
1322,fuzzer_global,1689,1322
1323,fuzzer_global,1689,1323
1324,fuzzer_global,1689,1324
1325,fuzzer_global,1689,1325
1326,fuzzer_global,1689,1326
1327,fuzzer_global,1689,1327
1328,fuzzer_global,1689,1328
1329,fuzzer_global,1689,1329
1330,fuzzer_global,1689,1330
1331,fuzzer_global,1689,1331
1332,fuzzer_global,1689,1332
1333,fuzzer_global,1689,1333
1334,fuzzer_global,1689,1334
1335,fuzzer_global,1689,1335
1336,fuzzer_global,1689,1336
1337,fuzzer_global,1689,1337
1338,fuzzer_global,1690,1338
1339,fuzzer_global,1690,1339
1340,fuzzer_global,1690,1340
1341,fuzzer_global,1690,1341
1342,fuzzer_global,1690,1342
1343,fuzzer_global,1694,1343
1344,fuzzer_global,1695,1344
1345,fuzzer_global,1701,1345
1346,fuzzer_global,1707,1346
1347,fuzzer_global,1708,1347
1348,fuzzer_global,1708,1348
1349,fuzzer_global,1709,1349
1350,fuzzer_global,1710,1350
1351,fuzzer_global,1712,1351
1352,fuzzer_global,1713,1352
1353,fuzzer_global,1716,1353
1354,fuzzer_global,1717,1354
1355,fuzzer_global,1717,1355
1356,fuzzer_global,1717,1356
1357,fuzzer_global,1717,1357
1358,fuzzer_global,1717,1358
1359,fuzzer_global,1717,1359
1360,fuzzer_global,1718,1360
1361,fuzzer_global,1718,1361
1362,fuzzer_global,1718,1362
1363,fuzzer_global,1718,1363
1364,fuzzer_global,1718,1364
1365,fuzzer_global,1718,1365
1366,fuzzer_global,1718,1366
1367,fuzzer_global,1718,1367
1368,fuzzer_global,1718,1368
1369,fuzzer_global,1718,1369
1370,fuzzer_global,1718,1370
1371,fuzzer_global,1718,1371
1372,fuzzer_global,1718,1372
1373,fuzzer_global,1718,1373
1374,fuzzer_global,1718,1374
1375,fuzzer_global,1718,1375
1376,fuzzer_global,1718,1376
1377,fuzzer_global,1718,1377
1378,fuzzer_global,1718,1378
1379,fuzzer_global,1718,1379
1380,fuzzer_global,1718,1380
1381,fuzzer_global,1718,1381
1382,fuzzer_global,1718,1382
1383,fuzzer_global,1718,1383
1384,fuzzer_global,1718,1384
1385,fuzzer_global,1718,1385
1386,fuzzer_global,1718,1386
1387,fuzzer_global,1718,1387
1388,fuzzer_global,1718,1388
1389,fuzzer_global,1718,1389
1390,fuzzer_global,1718,1390
1391,fuzzer_global,1718,1391
1392,fuzzer_global,1718,1392
1393,fuzzer_global,1718,1393
1394,fuzzer_global,1718,1394
1395,fuzzer_global,1718,1395
1396,fuzzer_global,1718,1396
1397,fuzzer_global,1718,1397
1398,fuzzer_global,1718,1398
1399,fuzzer_global,1718,1399
1400,fuzzer_global,1718,1400
1401,fuzzer_global,1718,1401
1402,fuzzer_global,1720,1402
1403,fuzzer_global,1721,1403
1404,fuzzer_global,1721,1404
1405,fuzzer_global,1721,1405
1406,fuzzer_global,1721,1406
1407,fuzzer_global,1721,1407
1408,fuzzer_global,1721,1408
1409,fuzzer_global,1721,1409
1410,fuzzer_global,1721,1410
1411,fuzzer_global,1721,1411
1412,fuzzer_global,1721,1412
1413,fuzzer_global,1721,1413
1414,fuzzer_global,1721,1414
1415,fuzzer_global,1721,1415
1416,fuzzer_global,1721,1416
1417,fuzzer_global,1721,1417
1418,fuzzer_global,1722,1418
1419,fuzzer_global,1722,1419
1420,fuzzer_global,1722,1420
1421,fuzzer_global,1723,1421
1422,fuzzer_global,1723,1422
1423,fuzzer_global,1723,1423
1424,fuzzer_global,1723,1424
1425,fuzzer_global,1723,1425
1426,fuzzer_global,1723,1426
1427,fuzzer_global,1723,1427
1428,fuzzer_global,1723,1428
1429,fuzzer_global,1723,1429
1430,fuzzer_global,1723,1430
1431,fuzzer_global,1723,1431
1432,fuzzer_global,1723,1432
1433,fuzzer_global,1723,1433
1434,fuzzer_global,1723,1434
1435,fuzzer_global,1723,1435
1436,fuzzer_global,1724,1436
1437,fuzzer_global,1724,1437
1438,fuzzer_global,1724,1438
1439,fuzzer_global,1724,1439
